GEO Series ID (GSE___),organism_old,organism,common_name,display_name
GSE202816,Homo sapiens,Homo sapiens,Human,Human (Homo sapiens)
GSE330569,Mus musculus,Mus musculus,Mouse,Mouse (Mus musculus)
GSE297218,Bos taurus,Bos taurus,Cow,Cow (Bos taurus)
GSE298153,Homo sapiens,Homo sapiens,Human,Human (Homo sapiens)
GSE330442,Mus musculus,Mus musculus,Mouse,Mouse (Mus musculus)
GSE302798,Homo sapiens,Homo sapiens,Human,Human (Homo sapiens)
GSE330178,Homo sapiens,Homo sapiens,Human,Human (Homo sapiens)
GSE330176,Homo sapiens,Homo sapiens,Human,Human (Homo sapiens)
GSE290409,Homo sapiens,Homo sapiens,Human,Human (Homo sapiens)
GSE285365,Mus musculus,Mus musculus,Mouse,Mouse (Mus musculus)
GSE329173,Homo sapiens,Homo sapiens,Human,Human (Homo sapiens)
GSE298602,Homo sapiens,Homo sapiens,Human,Human (Homo sapiens)
GSE244204,taxid:9940,Ovis aries,Sheep,Sheep (Ovis aries)
GSE266290,Homo sapiens,Homo sapiens,Human,Human (Homo sapiens)
GSE308795,Mus musculus,Mus musculus,Mouse,Mouse (Mus musculus)
GSE307832,Homo sapiens,Homo sapiens,Human,Human (Homo sapiens)
GSE307761,Homo sapiens,Homo sapiens,Human,Human (Homo sapiens)
GSE307759,Homo sapiens,Homo sapiens,Human,Human (Homo sapiens)
GSE263213,Rattus norvegicus,Rattus norvegicus,Rat,Rat (Rattus norvegicus)
GSE263212,Homo sapiens,Homo sapiens,Human,Human (Homo sapiens)
GSE263211,Rattus norvegicus,Rattus norvegicus,Rat,Rat (Rattus norvegicus)
GSE263209,Rattus norvegicus,Rattus norvegicus,Rat,Rat (Rattus norvegicus)
GSE263207,Homo sapiens,Homo sapiens,Human,Human (Homo sapiens)
GSE300718,Mus musculus,Mus musculus,Mouse,Mouse (Mus musculus)
GSE300655,Mus musculus,Mus musculus,Mouse,Mouse (Mus musculus)
GSE300654,Mus musculus,Mus musculus,Mouse,Mouse (Mus musculus)
GSE320198,Homo sapiens,Homo sapiens,Human,Human (Homo sapiens)
GSE326887,Mus musculus,Mus musculus,Mouse,Mouse (Mus musculus)
GSE318865,Homo sapiens,Homo sapiens,Human,Human (Homo sapiens)
GSE313842,Mus musculus,Mus musculus,Mouse,Mouse (Mus musculus)
GSE289975,Homo sapiens,Homo sapiens,Human,Human (Homo sapiens)
GSE288405,Mus musculus,Mus musculus,Mouse,Mouse (Mus musculus)
GSE288396,Homo sapiens,Homo sapiens,Human,Human (Homo sapiens)
GSE316086,Homo sapiens,Homo sapiens,Human,Human (Homo sapiens)
GSE280265,Homo sapiens,Homo sapiens,Human,Human (Homo sapiens)
GSE264588,Mus musculus,Mus musculus,Mouse,Mouse (Mus musculus)
GSE303893,Homo sapiens,Homo sapiens,Human,Human (Homo sapiens)
GSE294616,Mus musculus,Mus musculus,Mouse,Mouse (Mus musculus)
GSE262636,Homo sapiens,Homo sapiens,Human,Human (Homo sapiens)
GSE262631,Homo sapiens,Homo sapiens,Human,Human (Homo sapiens)
GSE262630,Homo sapiens,Homo sapiens,Human,Human (Homo sapiens)
GSE319493,Homo sapiens,Homo sapiens,Human,Human (Homo sapiens)
GSE315060,Mus musculus,Mus musculus,Mouse,Mouse (Mus musculus)
GSE311812,Homo sapiens,Homo sapiens,Human,Human (Homo sapiens)
GSE289117,Macaca nemestrina,Macaca nemestrina,Southern pig-tailed macaque,Southern pig-tailed macaque (Macaca nemestrina)
GSE324315,Homo sapiens,Homo sapiens,Human,Human (Homo sapiens)
GSE324114,Homo sapiens,Homo sapiens,Human,Human (Homo sapiens)
GSE306469,Homo sapiens,Homo sapiens,Human,Human (Homo sapiens)
GSE304843,Homo sapiens,Homo sapiens,Human,Human (Homo sapiens)
GSE304580,Homo sapiens,Homo sapiens,Human,Human (Homo sapiens)
GSE217721,Homo sapiens,Homo sapiens,Human,Human (Homo sapiens)
GSE319583,Homo sapiens,Homo sapiens,Human,Human (Homo sapiens)
GSE290784,Mus musculus,Mus musculus,Mouse,Mouse (Mus musculus)
GSE315332,Bos taurus,Bos taurus,Cow,Cow (Bos taurus)
GSE314723,Bos taurus,Bos taurus,Cow,Cow (Bos taurus)
GSE304388,Mus musculus,Mus musculus,Mouse,Mouse (Mus musculus)
GSE314658,Homo sapiens,Homo sapiens,Human,Human (Homo sapiens)
GSE316139,Mus musculus,Mus musculus,Mouse,Mouse (Mus musculus)
GSE307289,Homo sapiens,Homo sapiens,Human,Human (Homo sapiens)
GSE317295,Sus scrofa,Sus scrofa,Wild boar,Wild boar (Sus scrofa)
GSE318446,Homo sapiens,Homo sapiens,Human,Human (Homo sapiens)
GSE316715,Mus musculus,Mus musculus,Mouse,Mouse (Mus musculus)
GSE316715,taxid:10093,Mus pahari,Shrew Mouse,Shrew Mouse (Mus pahari)
GSE316712,Mus musculus,Mus musculus,Mouse,Mouse (Mus musculus)
GSE316712,taxid:10093,Mus pahari,Shrew Mouse,Shrew Mouse (Mus pahari)
GSE316711,Mus musculus,Mus musculus,Mouse,Mouse (Mus musculus)
GSE317296,Sus scrofa,Sus scrofa,Wild boar,Wild boar (Sus scrofa)
GSE317803,Mus musculus,Mus musculus,Mouse,Mouse (Mus musculus)
GSE307881,Mus musculus,Mus musculus,Mouse,Mouse (Mus musculus)
GSE298278,Homo sapiens,Homo sapiens,Human,Human (Homo sapiens)
GSE316744,Mus musculus,Mus musculus,Mouse,Mouse (Mus musculus)
GSE316744,taxid:10093,Mus pahari,Shrew Mouse,Shrew Mouse (Mus pahari)
GSE317191,Homo sapiens,Homo sapiens,Human,Human (Homo sapiens)
GSE317415,Mus musculus,Mus musculus,Mouse,Mouse (Mus musculus)
GSE310940,Homo sapiens,Homo sapiens,Human,Human (Homo sapiens)
GSE303463,Homo sapiens,Homo sapiens,Human,Human (Homo sapiens)
GSE288774,Homo sapiens,Homo sapiens,Human,Human (Homo sapiens)
GSE288773,Homo sapiens,Homo sapiens,Human,Human (Homo sapiens)
GSE315973,Mus musculus,Mus musculus,Mouse,Mouse (Mus musculus)
GSE314816,Homo sapiens,Homo sapiens,Human,Human (Homo sapiens)
GSE301011,Mus musculus,Mus musculus,Mouse,Mouse (Mus musculus)
GSE247109,Homo sapiens,Homo sapiens,Human,Human (Homo sapiens)
GSE229984,Homo sapiens,Homo sapiens,Human,Human (Homo sapiens)
GSE169613,Rattus norvegicus,Rattus norvegicus,Rat,Rat (Rattus norvegicus)
GSE307664,Homo sapiens,Homo sapiens,Human,Human (Homo sapiens)
GSE305088,Homo sapiens,Homo sapiens,Human,Human (Homo sapiens)
GSE298119,Homo sapiens,Homo sapiens,Human,Human (Homo sapiens)
GSE263483,Homo sapiens,Homo sapiens,Human,Human (Homo sapiens)
GSE314569,Mus musculus,Mus musculus,Mouse,Mouse (Mus musculus)
GSE310031,Mus musculus,Mus musculus,Mouse,Mouse (Mus musculus)
GSE273723,Homo sapiens,Homo sapiens,Human,Human (Homo sapiens)
GSE303248,Mus musculus,Mus musculus,Mouse,Mouse (Mus musculus)
GSE306863,Homo sapiens,Homo sapiens,Human,Human (Homo sapiens)
GSE302952,Homo sapiens,Homo sapiens,Human,Human (Homo sapiens)
GSE293496,Homo sapiens,Homo sapiens,Human,Human (Homo sapiens)
GSE272428,Homo sapiens,Homo sapiens,Human,Human (Homo sapiens)
GSE272425,Homo sapiens,Homo sapiens,Human,Human (Homo sapiens)
GSE249788,Homo sapiens,Homo sapiens,Human,Human (Homo sapiens)
GSE221071,Mus musculus,Mus musculus,Mouse,Mouse (Mus musculus)
GSE221069,Mus musculus,Mus musculus,Mouse,Mouse (Mus musculus)
GSE221014,Mus musculus,Mus musculus,Mouse,Mouse (Mus musculus)
GSE220248,Mus musculus,Mus musculus,Mouse,Mouse (Mus musculus)
GSE310377,Homo sapiens,Homo sapiens,Human,Human (Homo sapiens)
GSE266604,Homo sapiens,Homo sapiens,Human,Human (Homo sapiens)
GSE290822,Homo sapiens,Homo sapiens,Human,Human (Homo sapiens)
GSE289648,Homo sapiens,Homo sapiens,Human,Human (Homo sapiens)
GSE123551,Homo sapiens,Homo sapiens,Human,Human (Homo sapiens)
GSE295294,Mus musculus,Mus musculus,Mouse,Mouse (Mus musculus)
GSE295294,Rattus norvegicus,Rattus norvegicus,Rat,Rat (Rattus norvegicus)
GSE306259,Homo sapiens,Homo sapiens,Human,Human (Homo sapiens)
GSE279582,Mus musculus,Mus musculus,Mouse,Mouse (Mus musculus)
GSE279579,Mus musculus,Mus musculus,Mouse,Mouse (Mus musculus)
GSE279352,Mus musculus,Mus musculus,Mouse,Mouse (Mus musculus)
GSE279053,Mus musculus,Mus musculus,Mouse,Mouse (Mus musculus)
GSE280288,Mus musculus,Mus musculus,Mouse,Mouse (Mus musculus)
GSE284147,Mus musculus,Mus musculus,Mouse,Mouse (Mus musculus)
GSE284145,Mus musculus,Mus musculus,Mouse,Mouse (Mus musculus)
GSE284144,Mus musculus,Mus musculus,Mouse,Mouse (Mus musculus)
GSE280297,Mus musculus,Mus musculus,Mouse,Mouse (Mus musculus)
GSE305973,Homo sapiens,Homo sapiens,Human,Human (Homo sapiens)
GSE306864,Homo sapiens,Homo sapiens,Human,Human (Homo sapiens)
GSE255955,Homo sapiens,Homo sapiens,Human,Human (Homo sapiens)
GSE255954,Homo sapiens,Homo sapiens,Human,Human (Homo sapiens)
GSE307654,Homo sapiens,Homo sapiens,Human,Human (Homo sapiens)
GSE308908,Homo sapiens,Homo sapiens,Human,Human (Homo sapiens)
GSE309308,Mus musculus,Mus musculus,Mouse,Mouse (Mus musculus)
GSE278025,Mus musculus,Mus musculus,Mouse,Mouse (Mus musculus)
GSE214004,Mus musculus,Mus musculus,Mouse,Mouse (Mus musculus)
GSE288995,Homo sapiens,Homo sapiens,Human,Human (Homo sapiens)
GSE288995,Mus musculus,Mus musculus,Mouse,Mouse (Mus musculus)
GSE288806,Mus musculus,Mus musculus,Mouse,Mouse (Mus musculus)
GSE278497,Homo sapiens,Homo sapiens,Human,Human (Homo sapiens)
GSE297156,Homo sapiens,Homo sapiens,Human,Human (Homo sapiens)
GSE306709,Homo sapiens,Homo sapiens,Human,Human (Homo sapiens)
GSE240922,Homo sapiens,Homo sapiens,Human,Human (Homo sapiens)
GSE276786,Homo sapiens,Homo sapiens,Human,Human (Homo sapiens)
GSE306283,Homo sapiens,Homo sapiens,Human,Human (Homo sapiens)
GSE272342,Homo sapiens,Homo sapiens,Human,Human (Homo sapiens)
GSE305531,Macaca nemestrina,Macaca nemestrina,Southern pig-tailed macaque,Southern pig-tailed macaque (Macaca nemestrina)
GSE303543,Homo sapiens,Homo sapiens,Human,Human (Homo sapiens)
GSE291820,Homo sapiens,Homo sapiens,Human,Human (Homo sapiens)
GSE292966,Mus musculus,Mus musculus,Mouse,Mouse (Mus musculus)
GSE303258,Mus musculus,Mus musculus,Mouse,Mouse (Mus musculus)
GSE268570,Mus musculus,Mus musculus,Mouse,Mouse (Mus musculus)
GSE211003,Homo sapiens,Homo sapiens,Human,Human (Homo sapiens)
GSE211001,Homo sapiens,Homo sapiens,Human,Human (Homo sapiens)
GSE210508,Homo sapiens,Homo sapiens,Human,Human (Homo sapiens)
GSE304347,Mus musculus,Mus musculus,Mouse,Mouse (Mus musculus)
GSE293451,Mus musculus,Mus musculus,Mouse,Mouse (Mus musculus)
GSE279994,Homo sapiens,Homo sapiens,Human,Human (Homo sapiens)
GSE264449,Homo sapiens,Homo sapiens,Human,Human (Homo sapiens)
GSE294617,Homo sapiens,Homo sapiens,Human,Human (Homo sapiens)
GSE272513,Homo sapiens,Homo sapiens,Human,Human (Homo sapiens)
GSE299860,Mus musculus,Mus musculus,Mouse,Mouse (Mus musculus)
GSE301436,Sus scrofa,Sus scrofa,Wild boar,Wild boar (Sus scrofa)
GSE301046,Mus musculus,Mus musculus,Mouse,Mouse (Mus musculus)
GSE299974,Homo sapiens,Homo sapiens,Human,Human (Homo sapiens)
GSE274701,Mus musculus,Mus musculus,Mouse,Mouse (Mus musculus)
GSE274701,taxid:10141,Cavia porcellus,Domestic Guinea Pig,Domestic Guinea Pig (Cavia porcellus)
GSE274701,taxid:13616,Monodelphis domestica,Gray Short-Tailed Opossum,Gray Short-Tailed Opossum (Monodelphis domestica)
GSE274701,taxid:94439,Tenrec ecaudatus,Tailess Tenrec,Tailess Tenrec (Tenrec ecaudatus)
GSE229427,Mus musculus,Mus musculus,Mouse,Mouse (Mus musculus)
GSE300938,Homo sapiens,Homo sapiens,Human,Human (Homo sapiens)
GSE295569,Homo sapiens,Homo sapiens,Human,Human (Homo sapiens)
GSE295568,Homo sapiens,Homo sapiens,Human,Human (Homo sapiens)
GSE278375,Homo sapiens,Homo sapiens,Human,Human (Homo sapiens)
GSE278374,Homo sapiens,Homo sapiens,Human,Human (Homo sapiens)
GSE287771,Mus musculus,Mus musculus,Mouse,Mouse (Mus musculus)
GSE285829,Homo sapiens,Homo sapiens,Human,Human (Homo sapiens)
GSE293162,Mus musculus,Mus musculus,Mouse,Mouse (Mus musculus)
GSE288239,Homo sapiens,Homo sapiens,Human,Human (Homo sapiens)
GSE271976,Homo sapiens,Homo sapiens,Human,Human (Homo sapiens)
GSE281544,Mus musculus,Mus musculus,Mouse,Mouse (Mus musculus)
GSE206042,Homo sapiens,Homo sapiens,Human,Human (Homo sapiens)
GSE221617,Homo sapiens,Homo sapiens,Human,Human (Homo sapiens)
GSE298315,Mus musculus,Mus musculus,Mouse,Mouse (Mus musculus)
GSE298474,Homo sapiens,Homo sapiens,Human,Human (Homo sapiens)
GSE290578,Homo sapiens,Homo sapiens,Human,Human (Homo sapiens)
GSE276042,Mus musculus,Mus musculus,Mouse,Mouse (Mus musculus)
GSE296975,Sus scrofa,Sus scrofa,Wild boar,Wild boar (Sus scrofa)
GSE280473,Mus musculus,Mus musculus,Mouse,Mouse (Mus musculus)
GSE291544,Mus musculus,Mus musculus,Mouse,Mouse (Mus musculus)
GSE285453,Mus musculus,Mus musculus,Mouse,Mouse (Mus musculus)
GSE274909,Mus musculus,Mus musculus,Mouse,Mouse (Mus musculus)
GSE249311,Homo sapiens,Homo sapiens,Human,Human (Homo sapiens)
GSE289175,Mus musculus,Mus musculus,Mouse,Mouse (Mus musculus)
GSE289170,Mus musculus,Mus musculus,Mouse,Mouse (Mus musculus)
GSE289020,Mus musculus,Mus musculus,Mouse,Mouse (Mus musculus)
GSE231898,Mus musculus,Mus musculus,Mouse,Mouse (Mus musculus)
GSE231897,Mus musculus,Mus musculus,Mouse,Mouse (Mus musculus)
GSE231896,Mus musculus,Mus musculus,Mouse,Mouse (Mus musculus)
GSE231893,Mus musculus,Mus musculus,Mouse,Mouse (Mus musculus)
GSE251663,Homo sapiens,Homo sapiens,Human,Human (Homo sapiens)
GSE266672,Homo sapiens,Homo sapiens,Human,Human (Homo sapiens)
GSE294769,taxid:9940,Ovis aries,Sheep,Sheep (Ovis aries)
GSE268230,Homo sapiens,Homo sapiens,Human,Human (Homo sapiens)
GSE282038,Homo sapiens,Homo sapiens,Human,Human (Homo sapiens)
GSE275738,Homo sapiens,Homo sapiens,Human,Human (Homo sapiens)
GSE275737,Homo sapiens,Homo sapiens,Human,Human (Homo sapiens)
GSE267340,Homo sapiens,Homo sapiens,Human,Human (Homo sapiens)
GSE294553,Mus musculus,Mus musculus,Mouse,Mouse (Mus musculus)
GSE278408,Mus musculus,Mus musculus,Mouse,Mouse (Mus musculus)
GSE293321,Homo sapiens,Homo sapiens,Human,Human (Homo sapiens)
GSE283798,Homo sapiens,Homo sapiens,Human,Human (Homo sapiens)
GSE290562,Mus musculus,Mus musculus,Mouse,Mouse (Mus musculus)
GSE280286,Mus musculus,Mus musculus,Mouse,Mouse (Mus musculus)
GSE183338,Homo sapiens,Homo sapiens,Human,Human (Homo sapiens)
GSE289552,Homo sapiens,Homo sapiens,Human,Human (Homo sapiens)
GSE282831,Homo sapiens,Homo sapiens,Human,Human (Homo sapiens)
GSE282830,Homo sapiens,Homo sapiens,Human,Human (Homo sapiens)
GSE249139,Homo sapiens,Homo sapiens,Human,Human (Homo sapiens)
GSE279087,Homo sapiens,Homo sapiens,Human,Human (Homo sapiens)
GSE269098,taxid:10141,Cavia porcellus,Domestic Guinea Pig,Domestic Guinea Pig (Cavia porcellus)
GSE269097,taxid:10141,Cavia porcellus,Domestic Guinea Pig,Domestic Guinea Pig (Cavia porcellus)
GSE248406,Homo sapiens,Homo sapiens,Human,Human (Homo sapiens)
GSE272437,Rattus norvegicus,Rattus norvegicus,Rat,Rat (Rattus norvegicus)
GSE279748,Homo sapiens,Homo sapiens,Human,Human (Homo sapiens)
GSE279747,Homo sapiens,Homo sapiens,Human,Human (Homo sapiens)
GSE279988,Homo sapiens,Homo sapiens,Human,Human (Homo sapiens)
GSE288435,Homo sapiens,Homo sapiens,Human,Human (Homo sapiens)
GSE291208,Mus musculus,Mus musculus,Mouse,Mouse (Mus musculus)
GSE291207,Mus musculus,Mus musculus,Mouse,Mouse (Mus musculus)
GSE291205,Homo sapiens,Homo sapiens,Human,Human (Homo sapiens)
GSE291205,Rattus norvegicus,Rattus norvegicus,Rat,Rat (Rattus norvegicus)
GSE261814,Sus scrofa,Sus scrofa,Wild boar,Wild boar (Sus scrofa)
GSE261095,Mus musculus,Mus musculus,Mouse,Mouse (Mus musculus)
GSE290312,Homo sapiens,Homo sapiens,Human,Human (Homo sapiens)
GSE230442,Mus musculus,Mus musculus,Mouse,Mouse (Mus musculus)
GSE223880,Mus musculus,Mus musculus,Mouse,Mouse (Mus musculus)
GSE289196,Homo sapiens,Homo sapiens,Human,Human (Homo sapiens)
GSE250269,Rattus norvegicus,Rattus norvegicus,Rat,Rat (Rattus norvegicus)
GSE288650,Homo sapiens,Homo sapiens,Human,Human (Homo sapiens)
GSE255051,Homo sapiens,Homo sapiens,Human,Human (Homo sapiens)
GSE246536,Homo sapiens,Homo sapiens,Human,Human (Homo sapiens)
GSE253075,Homo sapiens,Homo sapiens,Human,Human (Homo sapiens)
GSE288358,Homo sapiens,Homo sapiens,Human,Human (Homo sapiens)
GSE288024,Homo sapiens,Homo sapiens,Human,Human (Homo sapiens)
GSE287691,Homo sapiens,Homo sapiens,Human,Human (Homo sapiens)
GSE286463,Mus musculus,Mus musculus,Mouse,Mouse (Mus musculus)
GSE243925,Mus musculus,Mus musculus,Mouse,Mouse (Mus musculus)
GSE243922,Mus musculus,Mus musculus,Mouse,Mouse (Mus musculus)
GSE282356,Homo sapiens,Homo sapiens,Human,Human (Homo sapiens)
GSE286818,Homo sapiens,Homo sapiens,Human,Human (Homo sapiens)
GSE286588,Homo sapiens,Homo sapiens,Human,Human (Homo sapiens)
GSE235916,Mus musculus,Mus musculus,Mouse,Mouse (Mus musculus)
GSE278196,Homo sapiens,Homo sapiens,Human,Human (Homo sapiens)
GSE255126,Homo sapiens,Homo sapiens,Human,Human (Homo sapiens)
GSE237734,Homo sapiens,Homo sapiens,Human,Human (Homo sapiens)
GSE237733,Homo sapiens,Homo sapiens,Human,Human (Homo sapiens)
GSE237732,Homo sapiens,Homo sapiens,Human,Human (Homo sapiens)
GSE249112,Mus musculus,Mus musculus,Mouse,Mouse (Mus musculus)
GSE249899,Homo sapiens,Homo sapiens,Human,Human (Homo sapiens)
GSE255075,Homo sapiens,Homo sapiens,Human,Human (Homo sapiens)
GSE250374,Homo sapiens,Homo sapiens,Human,Human (Homo sapiens)
GSE267364,Mus musculus,Mus musculus,Mouse,Mouse (Mus musculus)
GSE271628,Homo sapiens,Homo sapiens,Human,Human (Homo sapiens)
GSE271697,Homo sapiens,Homo sapiens,Human,Human (Homo sapiens)
GSE237232,Homo sapiens,Homo sapiens,Human,Human (Homo sapiens)
GSE189103,Mus musculus,Mus musculus,Mouse,Mouse (Mus musculus)
GSE271631,Homo sapiens,Homo sapiens,Human,Human (Homo sapiens)
GSE240086,Mus musculus,Mus musculus,Mouse,Mouse (Mus musculus)
GSE282182,Homo sapiens,Homo sapiens,Human,Human (Homo sapiens)
GSE280168,Mus musculus,Mus musculus,Mouse,Mouse (Mus musculus)
GSE280086,Mus musculus,Mus musculus,Mouse,Mouse (Mus musculus)
GSE280085,Mus musculus,Mus musculus,Mouse,Mouse (Mus musculus)
GSE269246,Homo sapiens,Homo sapiens,Human,Human (Homo sapiens)
GSE279757,Homo sapiens,Homo sapiens,Human,Human (Homo sapiens)
GSE270321,Homo sapiens,Homo sapiens,Human,Human (Homo sapiens)
GSE273446,Mus musculus,Mus musculus,Mouse,Mouse (Mus musculus)
GSE245037,Mus musculus,Mus musculus,Mouse,Mouse (Mus musculus)
GSE240306,Homo sapiens,Homo sapiens,Human,Human (Homo sapiens)
GSE219160,Mus musculus,Mus musculus,Mouse,Mouse (Mus musculus)
GSE250585,Homo sapiens,Homo sapiens,Human,Human (Homo sapiens)
GSE247568,Homo sapiens,Homo sapiens,Human,Human (Homo sapiens)
GSE246513,Homo sapiens,Homo sapiens,Human,Human (Homo sapiens)
GSE246512,Homo sapiens,Homo sapiens,Human,Human (Homo sapiens)
GSE246509,Homo sapiens,Homo sapiens,Human,Human (Homo sapiens)
GSE246508,Homo sapiens,Homo sapiens,Human,Human (Homo sapiens)
GSE276382,Rattus norvegicus,Rattus norvegicus,Rat,Rat (Rattus norvegicus)
GSE276226,Rattus norvegicus,Rattus norvegicus,Rat,Rat (Rattus norvegicus)
GSE276595,Homo sapiens,Homo sapiens,Human,Human (Homo sapiens)
GSE276594,Homo sapiens,Homo sapiens,Human,Human (Homo sapiens)
GSE276590,Homo sapiens,Homo sapiens,Human,Human (Homo sapiens)
GSE276588,Homo sapiens,Homo sapiens,Human,Human (Homo sapiens)
GSE278052,Homo sapiens,Homo sapiens,Human,Human (Homo sapiens)
GSE244402,Homo sapiens,Homo sapiens,Human,Human (Homo sapiens)
GSE276507,Mus musculus,Mus musculus,Mouse,Mouse (Mus musculus)
GSE268754,Mus musculus,Mus musculus,Mouse,Mouse (Mus musculus)
GSE277126,Homo sapiens,Homo sapiens,Human,Human (Homo sapiens)
GSE277126,Mus musculus,Mus musculus,Mouse,Mouse (Mus musculus)
GSE268973,Homo sapiens,Homo sapiens,Human,Human (Homo sapiens)
GSE274414,Homo sapiens,Homo sapiens,Human,Human (Homo sapiens)
GSE269799,Homo sapiens,Homo sapiens,Human,Human (Homo sapiens)
GSE185119,Homo sapiens,Homo sapiens,Human,Human (Homo sapiens)
GSE214007,Mus musculus,Mus musculus,Mouse,Mouse (Mus musculus)
GSE272695,Homo sapiens,Homo sapiens,Human,Human (Homo sapiens)
GSE247712,Homo sapiens,Homo sapiens,Human,Human (Homo sapiens)
GSE247711,Homo sapiens,Homo sapiens,Human,Human (Homo sapiens)
GSE247709,Homo sapiens,Homo sapiens,Human,Human (Homo sapiens)
GSE270174,Homo sapiens,Homo sapiens,Human,Human (Homo sapiens)
GSE270173,Homo sapiens,Homo sapiens,Human,Human (Homo sapiens)
GSE270170,Homo sapiens,Homo sapiens,Human,Human (Homo sapiens)
GSE239945,Homo sapiens,Homo sapiens,Human,Human (Homo sapiens)
GSE183700,Homo sapiens,Homo sapiens,Human,Human (Homo sapiens)
GSE246639,Homo sapiens,Homo sapiens,Human,Human (Homo sapiens)
GSE246291,Homo sapiens,Homo sapiens,Human,Human (Homo sapiens)
GSE246278,Homo sapiens,Homo sapiens,Human,Human (Homo sapiens)
GSE246277,Homo sapiens,Homo sapiens,Human,Human (Homo sapiens)
GSE240976,Homo sapiens,Homo sapiens,Human,Human (Homo sapiens)
GSE212958,Homo sapiens,Homo sapiens,Human,Human (Homo sapiens)
GSE240855,Homo sapiens,Homo sapiens,Human,Human (Homo sapiens)
GSE272505,Homo sapiens,Homo sapiens,Human,Human (Homo sapiens)
GSE272773,Homo sapiens,Homo sapiens,Human,Human (Homo sapiens)
GSE272480,Homo sapiens,Homo sapiens,Human,Human (Homo sapiens)
GSE256412,Homo sapiens,Homo sapiens,Human,Human (Homo sapiens)
GSE245395,Homo sapiens,Homo sapiens,Human,Human (Homo sapiens)
GSE245394,Homo sapiens,Homo sapiens,Human,Human (Homo sapiens)
GSE271237,Mus musculus,Mus musculus,Mouse,Mouse (Mus musculus)
GSE271203,Mus musculus,Mus musculus,Mouse,Mouse (Mus musculus)
GSE234021,Mus musculus,Mus musculus,Mouse,Mouse (Mus musculus)
GSE252254,Homo sapiens,Homo sapiens,Human,Human (Homo sapiens)
GSE252254,Mus musculus,Mus musculus,Mouse,Mouse (Mus musculus)
GSE252252,Mus musculus,Mus musculus,Mouse,Mouse (Mus musculus)
GSE232650,Mus musculus,Mus musculus,Mouse,Mouse (Mus musculus)
GSE269612,Mus musculus,Mus musculus,Mouse,Mouse (Mus musculus)
GSE252343,Mus musculus,Mus musculus,Mouse,Mouse (Mus musculus)
GSE267818,Homo sapiens,Homo sapiens,Human,Human (Homo sapiens)
GSE267817,Homo sapiens,Homo sapiens,Human,Human (Homo sapiens)
GSE254302,Homo sapiens,Homo sapiens,Human,Human (Homo sapiens)
GSE248222,Mus musculus,Mus musculus,Mouse,Mouse (Mus musculus)
GSE267112,Homo sapiens,Homo sapiens,Human,Human (Homo sapiens)
GSE262011,Mus musculus,Mus musculus,Mouse,Mouse (Mus musculus)
GSE233478,Homo sapiens,Homo sapiens,Human,Human (Homo sapiens)
GSE225318,Mus musculus,Mus musculus,Mouse,Mouse (Mus musculus)
GSE225317,Mus musculus,Mus musculus,Mouse,Mouse (Mus musculus)
GSE224844,Mus musculus,Mus musculus,Mouse,Mouse (Mus musculus)
GSE231429,Homo sapiens,Homo sapiens,Human,Human (Homo sapiens)
GSE263615,Homo sapiens,Homo sapiens,Human,Human (Homo sapiens)
GSE262147,Homo sapiens,Homo sapiens,Human,Human (Homo sapiens)
GSE169269,Homo sapiens,Homo sapiens,Human,Human (Homo sapiens)
GSE239349,Rattus norvegicus,Rattus norvegicus,Rat,Rat (Rattus norvegicus)
GSE168702,Mus musculus,Mus musculus,Mouse,Mouse (Mus musculus)
GSE253158,Homo sapiens,Homo sapiens,Human,Human (Homo sapiens)
GSE206036,Homo sapiens,Homo sapiens,Human,Human (Homo sapiens)
GSE206035,Homo sapiens,Homo sapiens,Human,Human (Homo sapiens)
GSE206034,Homo sapiens,Homo sapiens,Human,Human (Homo sapiens)
GSE232718,Mus musculus,Mus musculus,Mouse,Mouse (Mus musculus)
GSE232634,Mus musculus,Mus musculus,Mouse,Mouse (Mus musculus)
GSE228361,Mus musculus,Mus musculus,Mouse,Mouse (Mus musculus)
GSE212568,Mus musculus,Mus musculus,Mouse,Mouse (Mus musculus)
GSE249470,Homo sapiens,Homo sapiens,Human,Human (Homo sapiens)
GSE255282,Homo sapiens,Homo sapiens,Human,Human (Homo sapiens)
GSE243374,Homo sapiens,Homo sapiens,Human,Human (Homo sapiens)
GSE243059,Homo sapiens,Homo sapiens,Human,Human (Homo sapiens)
GSE254989,Mus musculus,Mus musculus,Mouse,Mouse (Mus musculus)
GSE255900,Mus musculus,Mus musculus,Mouse,Mouse (Mus musculus)
GSE248127,Mus musculus,Mus musculus,Mouse,Mouse (Mus musculus)
GSE248126,Mus musculus,Mus musculus,Mouse,Mouse (Mus musculus)
GSE248093,Mus musculus,Mus musculus,Mouse,Mouse (Mus musculus)
GSE233557,Homo sapiens,Homo sapiens,Human,Human (Homo sapiens)
GSE254847,Mus musculus,Mus musculus,Mouse,Mouse (Mus musculus)
GSE254846,Mus musculus,Mus musculus,Mouse,Mouse (Mus musculus)
GSE254845,Mus musculus,Mus musculus,Mouse,Mouse (Mus musculus)
GSE212505,Homo sapiens,Homo sapiens,Human,Human (Homo sapiens)
GSE236675,Homo sapiens,Homo sapiens,Human,Human (Homo sapiens)
GSE224116,Mus musculus,Mus musculus,Mouse,Mouse (Mus musculus)
GSE247382,Homo sapiens,Homo sapiens,Human,Human (Homo sapiens)
GSE243228,Mus musculus,Mus musculus,Mouse,Mouse (Mus musculus)
GSE241937,Mus musculus,Mus musculus,Mouse,Mouse (Mus musculus)
GSE210915,Mus musculus,Mus musculus,Mouse,Mouse (Mus musculus)
GSE214389,Mus musculus,Mus musculus,Mouse,Mouse (Mus musculus)
GSE210398,Mus musculus,Mus musculus,Mouse,Mouse (Mus musculus)
GSE246540,Mus musculus,Mus musculus,Mouse,Mouse (Mus musculus)
GSE246539,Mus musculus,Mus musculus,Mouse,Mouse (Mus musculus)
GSE246538,Mus musculus,Mus musculus,Mouse,Mouse (Mus musculus)
GSE212267,Homo sapiens,Homo sapiens,Human,Human (Homo sapiens)
GSE212266,Homo sapiens,Homo sapiens,Human,Human (Homo sapiens)
GSE212265,Homo sapiens,Homo sapiens,Human,Human (Homo sapiens)
GSE252552,Homo sapiens,Homo sapiens,Human,Human (Homo sapiens)
GSE251809,Homo sapiens,Homo sapiens,Human,Human (Homo sapiens)
GSE252282,Mus musculus,Mus musculus,Mouse,Mouse (Mus musculus)
GSE192812,Homo sapiens,Homo sapiens,Human,Human (Homo sapiens)
GSE252284,Mus musculus,Mus musculus,Mouse,Mouse (Mus musculus)
GSE252283,Mus musculus,Mus musculus,Mouse,Mouse (Mus musculus)
GSE252281,Mus musculus,Mus musculus,Mouse,Mouse (Mus musculus)
GSE250286,Mus musculus,Mus musculus,Mouse,Mouse (Mus musculus)
GSE241958,Mus musculus,Mus musculus,Mouse,Mouse (Mus musculus)
GSE250424,Homo sapiens,Homo sapiens,Human,Human (Homo sapiens)
GSE192417,Bos taurus,Bos taurus,Cow,Cow (Bos taurus)
GSE248957,Homo sapiens,Homo sapiens,Human,Human (Homo sapiens)
GSE221732,Mus musculus,Mus musculus,Mouse,Mouse (Mus musculus)
GSE232808,Homo sapiens,Homo sapiens,Human,Human (Homo sapiens)
GSE244698,Mus musculus,Mus musculus,Mouse,Mouse (Mus musculus)
GSE244697,Mus musculus,Mus musculus,Mouse,Mouse (Mus musculus)
GSE247420,Homo sapiens,Homo sapiens,Human,Human (Homo sapiens)
GSE241052,Homo sapiens,Homo sapiens,Human,Human (Homo sapiens)
GSE239657,Homo sapiens,Homo sapiens,Human,Human (Homo sapiens)
GSE237245,Homo sapiens,Homo sapiens,Human,Human (Homo sapiens)
GSE244255,Homo sapiens,Homo sapiens,Human,Human (Homo sapiens)
GSE247036,Homo sapiens,Homo sapiens,Human,Human (Homo sapiens)
GSE244254,Homo sapiens,Homo sapiens,Human,Human (Homo sapiens)
GSE234729,Homo sapiens,Homo sapiens,Human,Human (Homo sapiens)
GSE247038,Homo sapiens,Homo sapiens,Human,Human (Homo sapiens)
GSE234524,Bos taurus,Bos taurus,Cow,Cow (Bos taurus)
GSE202129,Mus musculus,Mus musculus,Mouse,Mouse (Mus musculus)
GSE245223,Mus musculus,Mus musculus,Mouse,Mouse (Mus musculus)
GSE245217,Mus musculus,Mus musculus,Mouse,Mouse (Mus musculus)
GSE225160,Mus musculus,Mus musculus,Mouse,Mouse (Mus musculus)
GSE245763,Homo sapiens,Homo sapiens,Human,Human (Homo sapiens)
GSE230532,Homo sapiens,Homo sapiens,Human,Human (Homo sapiens)
GSE228151,Homo sapiens,Homo sapiens,Human,Human (Homo sapiens)
GSE228150,Homo sapiens,Homo sapiens,Human,Human (Homo sapiens)
GSE228149,Homo sapiens,Homo sapiens,Human,Human (Homo sapiens)
GSE244241,Homo sapiens,Homo sapiens,Human,Human (Homo sapiens)
GSE220756,Homo sapiens,Homo sapiens,Human,Human (Homo sapiens)
GSE184927,Homo sapiens,Homo sapiens,Human,Human (Homo sapiens)
GSE184925,Homo sapiens,Homo sapiens,Human,Human (Homo sapiens)
GSE184915,Homo sapiens,Homo sapiens,Human,Human (Homo sapiens)
GSE222035,Homo sapiens,Homo sapiens,Human,Human (Homo sapiens)
GSE222032,Homo sapiens,Homo sapiens,Human,Human (Homo sapiens)
GSE222031,Homo sapiens,Homo sapiens,Human,Human (Homo sapiens)
GSE222030,Homo sapiens,Homo sapiens,Human,Human (Homo sapiens)
GSE243258,Mus musculus,Mus musculus,Mouse,Mouse (Mus musculus)
GSE217821,Mus musculus,Mus musculus,Mouse,Mouse (Mus musculus)
GSE222092,Mus musculus,Mus musculus,Mouse,Mouse (Mus musculus)
GSE226430,Mus musculus,Mus musculus,Mouse,Mouse (Mus musculus)
GSE226417,Mus musculus,Mus musculus,Mouse,Mouse (Mus musculus)
GSE223825,Macaca mulatta,Macaca mulatta,Rhesus macaque,Rhesus macaque (Macaca mulatta)
GSE184450,Homo sapiens,Homo sapiens,Human,Human (Homo sapiens)
GSE241836,Mus musculus,Mus musculus,Mouse,Mouse (Mus musculus)
GSE157552,Mus musculus,Mus musculus,Mouse,Mouse (Mus musculus)
GSE197385,Homo sapiens,Homo sapiens,Human,Human (Homo sapiens)
GSE190017,Mus musculus,Mus musculus,Mouse,Mouse (Mus musculus)
GSE203507,Homo sapiens,Homo sapiens,Human,Human (Homo sapiens)
GSE211194,Homo sapiens,Homo sapiens,Human,Human (Homo sapiens)
GSE211194,Rattus norvegicus,Rattus norvegicus,Rat,Rat (Rattus norvegicus)
GSE223748,Notamacropus eugenii,Notamacropus eugenii,Tammar wallaby,Tammar wallaby (Notamacropus eugenii)
GSE223748,Dasypus novemcinctus,Dasypus novemcinctus,Armadillo,Armadillo (Dasypus novemcinctus)
GSE223748,Macaca mulatta,Macaca mulatta,Rhesus macaque,Rhesus macaque (Macaca mulatta)
GSE223748,Homo sapiens,Homo sapiens,Human,Human (Homo sapiens)
GSE223748,Sus scrofa,Sus scrofa,Wild boar,Wild boar (Sus scrofa)
GSE223748,Bos taurus,Bos taurus,Cow,Cow (Bos taurus)
GSE223748,Oryctolagus cuniculus,Oryctolagus cuniculus,Rabbit,Rabbit (Oryctolagus cuniculus)
GSE223748,Mus musculus,Mus musculus,Mouse,Mouse (Mus musculus)
GSE223748,Rattus norvegicus,Rattus norvegicus,Rat,Rat (Rattus norvegicus)
GSE223748,taxid:9267,Didelphis virginiana,North American Opossum,North American Opossum (Didelphis virginiana)
GSE223748,taxid:9268,Didelphis marsupialis,Southern Opossum,Southern Opossum (Didelphis marsupialis)
GSE223748,taxid:9305,Sarcophilus harrisii,Tasmanian Devil,Tasmanian Devil (Sarcophilus harrisii)
GSE223748,taxid:9313,Notamacropus agilis,Agile Wallaby,Agile Wallaby (Notamacropus agilis)
GSE223748,taxid:9316,Macropus fuliginosus,Western Gray Kangaroo,Western Gray Kangaroo (Macropus fuliginosus)
GSE223748,taxid:9317,Macropus giganteus,Eastern Gray Kangaroo,Eastern Gray Kangaroo (Macropus giganteus)
GSE223748,taxid:9319,Osphranter robustus,Common Wallaroo,Common Wallaroo (Osphranter robustus)
GSE223748,taxid:9321,Osphranter rufus,Red Kangaroo,Red Kangaroo (Osphranter rufus)
GSE223748,taxid:9351,Tamandua mexicana,Mexican Collared Anteater,Mexican Collared Anteater (Tamandua mexicana)
GSE223748,taxid:9355,Bradypus variegatus,Brown-Throated Sloth,Brown-Throated Sloth (Bradypus variegatus)
GSE223748,taxid:9358,Choloepus hoffmanni,Hoffmann's Two-Fingered Sloth,Hoffmann's Two-Fingered Sloth (Choloepus hoffmanni)
GSE223748,taxid:9365,Erinaceus europaeus,Western European Hedgehog,Western European Hedgehog (Erinaceus europaeus)
GSE223748,taxid:9368,Atelerix albiventris,Middle-African Hedgehog,Middle-African Hedgehog (Atelerix albiventris)
GSE223748,taxid:9371,Echinops telfairi,Small Madagascar Hedgehog,Small Madagascar Hedgehog (Echinops telfairi)
GSE223748,taxid:9378,Suncus murinus,House Shrew,House Shrew (Suncus murinus)
GSE223748,taxid:9384,Sorex hoyi,American Pygmy Shrew,American Pygmy Shrew (Sorex hoyi)
GSE223748,taxid:9387,Blarina brevicauda,Short-Tailed Shrew,Short-Tailed Shrew (Blarina brevicauda)
GSE223748,taxid:9391,Amblysomus hottentotus,Hottentot Golden Mole,Hottentot Golden Mole (Amblysomus hottentotus)
GSE223748,taxid:9403,Pteropus poliocephalus,Gray-Headed Flying Fox,Gray-Headed Flying Fox (Pteropus poliocephalus)
GSE223748,taxid:9405,Pteropus hypomelanus,Small Flying Fox,Small Flying Fox (Pteropus hypomelanus)
GSE223748,taxid:9407,Rousettus aegyptiacus,Egyptian Rousette,Egyptian Rousette (Rousettus aegyptiacus)
GSE223748,taxid:9417,Artibeus jamaicensis,Jamaican Fruit-Eating Bat,Jamaican Fruit-Eating Bat (Artibeus jamaicensis)
GSE223748,taxid:9423,Phyllostomus hastatus,Greater Spear-Nosed Bat,Greater Spear-Nosed Bat (Phyllostomus hastatus)
GSE223748,taxid:9430,Desmodus rotundus,Common Vampire Bat,Common Vampire Bat (Desmodus rotundus)
GSE223748,taxid:9438,Tadarida brasiliensis,Brazilian Free-Tailed Bat,Brazilian Free-Tailed Bat (Tadarida brasiliensis)
GSE223748,taxid:9440,Antrozous pallidus,Pallid Bat,Pallid Bat (Antrozous pallidus)
GSE223748,taxid:9447,Lemur catta,Ring-Tailed Lemur,Ring-Tailed Lemur (Lemur catta)
GSE223748,taxid:9455,Varecia variegata,Ruffed Lemur,Ruffed Lemur (Varecia variegata)
GSE223748,taxid:9460,Cheirogaleus medius,Lesser Dwarf Lemur,Lesser Dwarf Lemur (Cheirogaleus medius)
GSE223748,taxid:9463,Otolemur crassicaudatus,Thick-Tailed Bush Baby,Thick-Tailed Bush Baby (Otolemur crassicaudatus)
GSE223748,taxid:9468,Loris tardigradus,Slender Loris,Slender Loris (Loris tardigradus)
GSE223748,taxid:9470,Nycticebus coucang,Slow Loris,Slow Loris (Nycticebus coucang)
GSE223748,taxid:9472,Perodicticus potto,Potto,Potto (Perodicticus potto)
GSE223748,taxid:9483,Callithrix jacchus,White-Tufted-Ear Marmoset,White-Tufted-Ear Marmoset (Callithrix jacchus)
GSE223748,taxid:9557,Papio hamadryas,Hamadryas Baboon,Hamadryas Baboon (Papio hamadryas)
GSE223748,taxid:9593,Gorilla gorilla,Western Gorilla,Western Gorilla (Gorilla gorilla)
GSE223748,taxid:9598,Pan troglodytes,Chimpanzee,Chimpanzee (Pan troglodytes)
GSE223748,taxid:9600,Pongo pygmaeus,Bornean Orangutan,Bornean Orangutan (Pongo pygmaeus)
GSE223748,taxid:9614,Canis latrans,Coyote,Coyote (Canis latrans)
GSE223748,taxid:9615,Canis lupus,Wolf,Wolf (Canis lupus)
GSE223748,taxid:9622,Lycaon pictus,African Hunting Dog,African Hunting Dog (Lycaon pictus)
GSE223748,taxid:9627,Vulpes vulpes,Red Fox,Red Fox (Vulpes vulpes)
GSE223748,taxid:9643,Ursus americanus,American Black Bear,American Black Bear (Ursus americanus)
GSE223748,taxid:9660,Martes americana,American Marten,American Marten (Martes americana)
GSE223748,taxid:9669,Mustela putorius,European Polecat,European Polecat (Mustela putorius)
GSE223748,taxid:9678,Crocuta crocuta,Spotted Hyena,Spotted Hyena (Crocuta crocuta)
GSE223748,taxid:9685,Felis catus,Domestic Cat,Domestic Cat (Felis catus)
GSE223748,taxid:9689,Panthera leo,Lion,Lion (Panthera leo)
GSE223748,taxid:9694,Panthera tigris,Tiger,Tiger (Panthera tigris)
GSE223748,taxid:9696,Puma concolor,Puma,Puma (Puma concolor)
GSE223748,taxid:9704,Zalophus californianus,California Sea Lion,California Sea Lion (Zalophus californianus)
GSE223748,taxid:9708,Odobenus rosmarus,Walrus,Walrus (Odobenus rosmarus)
GSE223748,taxid:9720,Phoca vitulina,Harbor Seal,Harbor Seal (Phoca vitulina)
GSE223748,taxid:9728,Delphinus delphis,Saddleback Dolphin,Saddleback Dolphin (Delphinus delphis)
GSE223748,taxid:9733,Orcinus orca,Killer Whale,Killer Whale (Orcinus orca)
GSE223748,taxid:9739,Tursiops truncatus,Common Bottlenose Dolphin,Common Bottlenose Dolphin (Tursiops truncatus)
GSE223748,taxid:9742,Phocoena phocoena,Harbor Porpoise,Harbor Porpoise (Phocoena phocoena)
GSE223748,taxid:9749,Delphinapterus leucas,Beluga Whale,Beluga Whale (Delphinapterus leucas)
GSE223748,taxid:9755,Physeter macrocephalus,Sperm Whale,Sperm Whale (Physeter macrocephalus)
GSE223748,taxid:9768,Balaenoptera borealis,Sei Whale,Sei Whale (Balaenoptera borealis)
GSE223748,taxid:9771,Balaenoptera musculus,Blue Whale,Blue Whale (Balaenoptera musculus)
GSE223748,taxid:9773,Megaptera novaeangliae,Humpback Whale,Humpback Whale (Megaptera novaeangliae)
GSE223748,taxid:9778,Trichechus manatus,West Indian Manatee,West Indian Manatee (Trichechus manatus)
GSE223748,taxid:9783,Elephas maximus,Asiatic Elephant,Asiatic Elephant (Elephas maximus)
GSE223748,taxid:9785,Loxodonta africana,African Savanna Elephant,African Savanna Elephant (Loxodonta africana)
GSE223748,taxid:9792,Equus grevyi,Grevy's Zebra,Grevy's Zebra (Equus grevyi)
GSE223748,taxid:9796,Equus caballus,Horse,Horse (Equus caballus)
GSE223748,taxid:9805,Diceros bicornis,Black Rhinoceros,Black Rhinoceros (Diceros bicornis)
GSE223748,taxid:9809,Rhinoceros unicornis,Greater Indian Rhinoceros,Greater Indian Rhinoceros (Rhinoceros unicornis)
GSE223748,taxid:9813,Procavia capensis,Cape Rock Hyrax,Cape Rock Hyrax (Procavia capensis)
GSE223748,taxid:9818,Orycteropus afer,Aardvark,Aardvark (Orycteropus afer)
GSE223748,taxid:9825,Sus scrofa,Wild boar,Wild boar (Sus scrofa)
GSE223748,taxid:9858,Capreolus capreolus,Western Roe Deer,Western Roe Deer (Capreolus capreolus)
GSE223748,taxid:9860,Cervus elaphus,Red Deer,Red Deer (Cervus elaphus)
GSE223748,taxid:9874,Odocoileus virginianus,White-Tailed Deer,White-Tailed Deer (Odocoileus virginianus)
GSE223748,taxid:9887,Muntiacus vaginalis,Northern Red Muntjac,Northern Red Muntjac (Muntiacus vaginalis)
GSE223748,taxid:9894,Giraffa camelopardalis,Giraffe,Giraffe (Giraffa camelopardalis)
GSE223748,taxid:9897,Aepyceros melampus,Impala,Impala (Aepyceros melampus)
GSE223748,taxid:9925,Capra hircus,Goat,Goat (Capra hircus)
GSE223748,taxid:9940,Ovis aries,Sheep,Sheep (Ovis aries)
GSE223748,taxid:9945,Tragelaphus oryx,Common Eland,Common Eland (Tragelaphus oryx)
GSE223748,taxid:9946,Tragelaphus strepsiceros,Greater Kudu,Greater Kudu (Tragelaphus strepsiceros)
GSE223748,taxid:9947,Tragelaphus imberbis,Lesser Kudu,Lesser Kudu (Tragelaphus imberbis)
GSE223748,taxid:9978,Ochotona princeps,American Pika,American Pika (Ochotona princeps)
GSE223748,taxid:9988,Sylvilagus floridanus,Eastern Cottontail,Eastern Cottontail (Sylvilagus floridanus)
GSE223748,taxid:9995,Marmota monax,Woodchuck,Woodchuck (Marmota monax)
GSE223748,taxid:10009,Tamiasciurus hudsonicus,American Red Squirrel,American Red Squirrel (Tamiasciurus hudsonicus)
GSE223748,taxid:10029,Cricetulus griseus,Chinese Hamster,Chinese Hamster (Cricetulus griseus)
GSE223748,taxid:10030,Cricetulus longicaudatus,Long-Tailed Hamster,Long-Tailed Hamster (Cricetulus longicaudatus)
GSE223748,taxid:10036,Mesocricetus auratus,Golden Hamster,Golden Hamster (Mesocricetus auratus)
GSE223748,taxid:10041,Peromyscus leucopus,White-Footed Mouse,White-Footed Mouse (Peromyscus leucopus)
GSE223748,taxid:10042,Peromyscus maniculatus,North American Deer Mouse,North American Deer Mouse (Peromyscus maniculatus)
GSE223748,taxid:10047,Meriones unguiculatus,Mongolian Gerbil,Mongolian Gerbil (Meriones unguiculatus)
GSE223748,taxid:10058,Microtus pennsylvanicus,Meadow Vole,Meadow Vole (Microtus pennsylvanicus)
GSE223748,taxid:10060,Ondatra zibethicus,Muskrat,Muskrat (Ondatra zibethicus)
GSE223748,taxid:10068,Acomys cahirinus,Egyptian Spiny Mouse,Egyptian Spiny Mouse (Acomys cahirinus)
GSE223748,taxid:10085,Cricetomys gambianus,Gambian Giant Pouched Rat,Gambian Giant Pouched Rat (Cricetomys gambianus)
GSE223748,taxid:10105,Mus minutoides,Southern African Pygmy Mouse,Southern African Pygmy Mouse (Mus minutoides)
GSE223748,taxid:10117,Rattus rattus,Black Rat,Black Rat (Rattus rattus)
GSE223748,taxid:10129,Apodemus sylvaticus,European Woodmouse,European Woodmouse (Apodemus sylvaticus)
GSE223748,taxid:10137,Hystrix cristata,Crested Porcupine,Crested Porcupine (Hystrix cristata)
GSE223748,taxid:10141,Cavia porcellus,Domestic Guinea Pig,Domestic Guinea Pig (Cavia porcellus)
GSE223748,taxid:10146,Galea musteloides,Cuis,Cuis (Galea musteloides)
GSE223748,taxid:10149,Hydrochoerus hydrochaeris,Capybara,Capybara (Hydrochoerus hydrochaeris)
GSE223748,taxid:10157,Myocastor coypus,Nutria,Nutria (Myocastor coypus)
GSE223748,taxid:10171,Bathyergus janetta,Namaqua Dune Mole-Rat,Namaqua Dune Mole-Rat (Bathyergus janetta)
GSE223748,taxid:10172,Bathyergus suillus,Cape Dune Mole-Rat,Cape Dune Mole-Rat (Bathyergus suillus)
GSE223748,taxid:10175,Cryptomys hottentotus,Hottentot Mole-Rat,Hottentot Mole-Rat (Cryptomys hottentotus)
GSE223748,taxid:10177,Georychus capensis,Cape Mole-Rat,Cape Mole-Rat (Georychus capensis)
GSE223748,taxid:10181,Heterocephalus glaber,Naked Mole-Rat,Naked Mole-Rat (Heterocephalus glaber)
GSE223748,taxid:13514,Eulemur coronatus,Crowned Lemur,Crowned Lemur (Eulemur coronatus)
GSE223748,taxid:13515,Eulemur fulvus,Brown Lemur,Brown Lemur (Eulemur fulvus)
GSE223748,taxid:13557,Hapalemur griseus,Bamboo Lemur,Bamboo Lemur (Hapalemur griseus)
GSE223748,taxid:13616,Monodelphis domestica,Gray Short-Tailed Opossum,Gray Short-Tailed Opossum (Monodelphis domestica)
GSE223748,taxid:27591,Nanger granti,Grant's Gazelle,Grant's Gazelle (Nanger granti)
GSE223748,taxid:27602,Balaena mysticetus,Bowhead Whale,Bowhead Whale (Balaena mysticetus)
GSE223748,taxid:27610,Lagenorhynchus albirostris,White-Beaked Dolphin,White-Beaked Dolphin (Lagenorhynchus albirostris)
GSE223748,taxid:27622,Molossus molossus,Pallas's Mastiff Bat,Pallas's Mastiff Bat (Molossus molossus)
GSE223748,taxid:27670,Nycticeius humeralis,Evening Bat,Evening Bat (Nycticeius humeralis)
GSE223748,taxid:27675,Choloepus didactylus,Southern Two-Toed Sloth,Southern Two-Toed Sloth (Choloepus didactylus)
GSE223748,taxid:28737,Elephantulus edwardii,Cape Elephant Shrew,Cape Elephant Shrew (Elephantulus edwardii)
GSE223748,taxid:29078,Eptesicus fuscus,Big Brown Bat,Big Brown Bat (Eptesicus fuscus)
GSE223748,taxid:29080,Chaetophractus villosus,Large Hairy Armadillo,Large Hairy Armadillo (Chaetophractus villosus)
GSE223748,taxid:29082,Macroscelides proboscideus,Short-Eared Elephant Shrew,Short-Eared Elephant Shrew (Macroscelides proboscideus)
GSE223748,taxid:29139,Vombatus ursinus,Common Wombat,Common Wombat (Vombatus ursinus)
GSE223748,taxid:30538,Vicugna pacos,Alpaca,Alpaca (Vicugna pacos)
GSE223748,taxid:30581,Sylvilagus audubonii,Desert Cottontail,Desert Cottontail (Sylvilagus audubonii)
GSE223748,taxid:30601,Propithecus tattersalli,Tattersall's Sifaka,Tattersall's Sifaka (Propithecus tattersalli)
GSE223748,taxid:30602,Eulemur macaco,Black Lemur,Black Lemur (Eulemur macaco)
GSE223748,taxid:30608,Microcebus murinus,Gray Mouse Lemur,Gray Mouse Lemur (Microcebus murinus)
GSE223748,taxid:30609,Galago moholi,Moholi Bushbaby,Moholi Bushbaby (Galago moholi)
GSE223748,taxid:30637,Nannospalax ehrenbergi,Ehrenberg's Mole-Rat,Ehrenberg's Mole-Rat (Nannospalax ehrenbergi)
GSE223748,taxid:30640,Sciurus carolinensis,Gray Squirrel,Gray Squirrel (Sciurus carolinensis)
GSE223748,taxid:31869,Daubentonia madagascariensis,Aye-Aye,Aye-Aye (Daubentonia madagascariensis)
GSE223748,taxid:32536,Acinonyx jubatus,Cheetah,Cheetah (Acinonyx jubatus)
GSE223748,taxid:33562,Dromiciops gliroides,Monito Del Monte,Monito Del Monte (Dromiciops gliroides)
GSE223748,taxid:34828,Eulemur mongoz,Mongoose Lemur,Mongoose Lemur (Eulemur mongoz)
GSE223748,taxid:34829,Eulemur rubriventer,Red-Bellied Lemur,Red-Bellied Lemur (Eulemur rubriventer)
GSE223748,taxid:34839,Chinchilla lanigera,Long-Tailed Chinchilla,Long-Tailed Chinchilla (Chinchilla lanigera)
GSE223748,taxid:34844,Erethizon dorsatum,North American Porcupine,North American Porcupine (Erethizon dorsatum)
GSE223748,taxid:34861,Sciurus niger,Fox Squirrel,Fox Squirrel (Sciurus niger)
GSE223748,taxid:34873,Oreamnos americanus,Mountain Goat,Mountain Goat (Oreamnos americanus)
GSE223748,taxid:34882,Enhydra lutris,Sea Otter,Sea Otter (Enhydra lutris)
GSE223748,taxid:34886,Eumetopias jubatus,Steller Sea Lion,Steller Sea Lion (Eumetopias jubatus)
GSE223748,taxid:36803,Sorex cinereus,Cinereus Shrew,Cinereus Shrew (Sorex cinereus)
GSE223748,taxid:37032,Suricata suricatta,Meerkat,Meerkat (Suricata suricatta)
GSE223748,taxid:37186,Hippotragus equinus,Roan Antelope,Roan Antelope (Hippotragus equinus)
GSE223748,taxid:37189,Hippotragus niger,Sable Antelope,Sable Antelope (Hippotragus niger)
GSE223748,taxid:37347,Tupaia belangeri,Northern Tree Shrew,Northern Tree Shrew (Tupaia belangeri)
GSE223748,taxid:37548,Cavia aperea,Brazilian Guinea Pig,Brazilian Guinea Pig (Cavia aperea)
GSE223748,taxid:37696,Caenolestes fuliginosus,Silky Shrew Opossum,Silky Shrew Opossum (Caenolestes fuliginosus)
GSE223748,taxid:38241,Globicephala macrorhynchus,Short-Finned Pilot Whale,Short-Finned Pilot Whale (Globicephala macrorhynchus)
GSE223748,taxid:38626,Phascolarctos cinereus,Koala,Koala (Phascolarctos cinereus)
GSE223748,taxid:39030,Apodemus agrarius,Eurasian Field Mouse,Eurasian Field Mouse (Apodemus agrarius)
GSE223748,taxid:39089,Phoca groenlandica,Harp Seal,Harp Seal (Phoca groenlandica)
GSE223748,taxid:40233,Carollia perspicillata,Seba's Short-Tailed Bat,Seba's Short-Tailed Bat (Carollia perspicillata)
GSE223748,taxid:42346,Ochotona rufescens,Afghan Pika,Afghan Pika (Ochotona rufescens)
GSE223748,taxid:42410,Peromyscus eremicus,Cactus Mouse,Cactus Mouse (Peromyscus eremicus)
GSE223748,taxid:42413,Peromyscus polionotus,Oldfield Mouse,Oldfield Mouse (Peromyscus polionotus)
GSE223748,taxid:42520,Peromyscus californicus,California Mouse,California Mouse (Peromyscus californicus)
GSE223748,taxid:43179,Ictidomys tridecemlineatus,Thirteen-Lined Ground Squirrel,Thirteen-Lined Ground Squirrel (Ictidomys tridecemlineatus)
GSE223748,taxid:45474,Tamias striatus,Eastern Chipmunk,Eastern Chipmunk (Tamias striatus)
GSE223748,taxid:45482,Glaucomys sabrinus,Northern Flying Squirrel,Northern Flying Squirrel (Glaucomys sabrinus)
GSE223748,taxid:46167,Steno bredanensis,Rough-Toothed Dolphin,Rough-Toothed Dolphin (Steno bredanensis)
GSE223748,taxid:46219,Sorex palustris,American Water Shrew,American Water Shrew (Sorex palustris)
GSE223748,taxid:47178,Eulemur fulvus,Brown Lemur,Brown Lemur (Eulemur fulvus)
GSE223748,taxid:47665,Cricetiscus campbelli,Campbell's Desert Hamster,Campbell's Desert Hamster (Cricetiscus campbelli)
GSE223748,taxid:48086,Lepus americanus,Snowshoe Hare,Snowshoe Hare (Lepus americanus)
GSE223748,taxid:48087,Lepus californicus,Black-Tailed Jackrabbit,Black-Tailed Jackrabbit (Lepus californicus)
GSE223748,taxid:48745,Mesoplodon bidens,Sowerby's Beaked Whale,Sowerby's Beaked Whale (Mesoplodon bidens)
GSE223748,taxid:48850,Tamandua tetradactyla,Southern Tamandua,Southern Tamandua (Tamandua tetradactyla)
GSE223748,taxid:48852,Cabassous unicinctus,Southern Naked-Tailed Armadillo,Southern Naked-Tailed Armadillo (Cabassous unicinctus)
GSE223748,taxid:48897,Hylomys suillus,Short-Tailed Gymnure,Short-Tailed Gymnure (Hylomys suillus)
GSE223748,taxid:50378,Sylvilagus nuttallii,Mountain Cottontail,Mountain Cottontail (Sylvilagus nuttallii)
GSE223748,taxid:50862,Urocitellus columbianus,Columbian Ground Squirrel,Columbian Ground Squirrel (Urocitellus columbianus)
GSE223748,taxid:50954,Talpa occidentalis,Iberian Mole,Iberian Mole (Talpa occidentalis)
GSE223748,taxid:51298,Myotis myotis,Greater Mouse-Eared Bat,Greater Mouse-Eared Bat (Myotis myotis)
GSE223748,taxid:51300,Nyctalus noctula,Noctule,Noctule (Nyctalus noctula)
GSE223748,taxid:51337,Jaculus jaculus,Lesser Egyptian Jerboa,Lesser Egyptian Jerboa (Jaculus jaculus)
GSE223748,taxid:51338,Castor canadensis,American Beaver,American Beaver (Castor canadensis)
GSE223748,taxid:51342,Aplodontia rufa,Mountain Beaver,Mountain Beaver (Aplodontia rufa)
GSE223748,taxid:52231,Callithrix geoffroyi,Geoffroy's Marmoset,Geoffroy's Marmoset (Callithrix geoffroyi)
GSE223748,taxid:54180,Trachypithecus francoisi,Francois's Langur,Francois's Langur (Trachypithecus francoisi)
GSE223748,taxid:58060,Cynopterus brachyotis,Lesser Short-Nosed Fruit Bat,Lesser Short-Nosed Fruit Bat (Cynopterus brachyotis)
GSE223748,taxid:59463,Myotis lucifugus,Little Brown Bat,Little Brown Bat (Myotis lucifugus)
GSE223748,taxid:59474,Pipistrellus pipistrellus,Common Pipistrelle,Common Pipistrelle (Pipistrellus pipistrellus)
GSE223748,taxid:59479,Rhinolophus ferrumequinum,Greater Horseshoe Bat,Greater Horseshoe Bat (Rhinolophus ferrumequinum)
GSE223748,taxid:59482,Saccopteryx bilineata,Greater Sac-Winged Bat,Greater Sac-Winged Bat (Saccopteryx bilineata)
GSE223748,taxid:59515,Addax nasomaculatus,Addax,Addax (Addax nasomaculatus)
GSE223748,taxid:59523,Antidorcas marsupialis,Springbok,Springbok (Antidorcas marsupialis)
GSE223748,taxid:59532,Kobus megaceros,Nile Lechwe,Nile Lechwe (Kobus megaceros)
GSE223748,taxid:60711,Chlorocebus sabaeus,Green Monkey,Green Monkey (Chlorocebus sabaeus)
GSE223748,taxid:61156,Arvicanthis niloticus,Nile Rat,Nile Rat (Arvicanthis niloticus)
GSE223748,taxid:61384,Lynx rufus,Bobcat,Bobcat (Lynx rufus)
GSE223748,taxid:61862,Plecotus auritus,Brown Big-Eared Bat,Brown Big-Eared Bat (Plecotus auritus)
GSE223748,taxid:61872,Ctenomys lewisi,Lewis's Tuco-Tuco,Lewis's Tuco-Tuco (Ctenomys lewisi)
GSE223748,taxid:61877,Ctenomys opimus,Highland Tuco-Tuco,Highland Tuco-Tuco (Ctenomys opimus)
GSE223748,taxid:61878,Ctenomys steinbachi,Steinbach's Tuco-Tuco,Steinbach's Tuco-Tuco (Ctenomys steinbachi)
GSE223748,taxid:62274,Sorex minutissimus,Miniscule Shrew,Miniscule Shrew (Sorex minutissimus)
GSE223748,taxid:62276,Sorex caecutiens,Laxmann's Shrew,Laxmann's Shrew (Sorex caecutiens)
GSE223748,taxid:62281,Sorex isodon,Even-Toothed Shrew,Even-Toothed Shrew (Sorex isodon)
GSE223748,taxid:62282,Neomys fodiens,Eurasian Water Shrew,Eurasian Water Shrew (Neomys fodiens)
GSE223748,taxid:62287,Sorex tundrensis,Tundra Shrew,Tundra Shrew (Sorex tundrensis)
GSE223748,taxid:62288,Sorex roboratus,Flat-Skulled Shrew,Flat-Skulled Shrew (Sorex roboratus)
GSE223748,taxid:62905,Sorex vagrans,Vagrant Shrew,Vagrant Shrew (Sorex vagrans)
GSE223748,taxid:62906,Sorex trowbridgii,Trowbridge's Shrew,Trowbridge's Shrew (Sorex trowbridgii)
GSE223748,taxid:64679,Tamias amoenus,Yellow-Pine Chipmunk,Yellow-Pine Chipmunk (Tamias amoenus)
GSE223748,taxid:66437,Tragelaphus angasii,Nyala,Nyala (Tragelaphus angasii)
GSE223748,taxid:67940,Nanger dama,Dama Gazelle,Dama Gazelle (Nanger dama)
GSE223748,taxid:68728,Chrysocyon brachyurus,Maned Wolf,Maned Wolf (Chrysocyon brachyurus)
GSE223748,taxid:69297,Tragelaphus eurycerus,Bongo,Bongo (Tragelaphus eurycerus)
GSE223748,taxid:69298,Tragelaphus spekii,Sitatunga,Sitatunga (Tragelaphus spekii)
GSE223748,taxid:69303,Gazella leptoceros,Rhim Gazelle,Rhim Gazelle (Gazella leptoceros)
GSE223748,taxid:69306,Nanger soemmerringii,Soemmerring's Gazelle,Soemmerring's Gazelle (Nanger soemmerringii)
GSE223748,taxid:69308,Eudorcas thomsonii,Thomson's Gazelle,Thomson's Gazelle (Eudorcas thomsonii)
GSE223748,taxid:69311,Litocranius walleri,Gerenuk,Gerenuk (Litocranius walleri)
GSE223748,taxid:70687,Tupaia tana,Large Tree Shrew,Large Tree Shrew (Tupaia tana)
GSE223748,taxid:71119,Scalopus aquaticus,Eastern Mole,Eastern Mole (Scalopus aquaticus)
GSE223748,taxid:73336,Equus asinus,Donkey,Donkey (Equus asinus)
GSE223748,taxid:73337,Ceratotherium simum,White Rhinoceros,White Rhinoceros (Ceratotherium simum)
GSE223748,taxid:73863,Dipus sagitta,Northern Three-Toed Jerboa,Northern Three-Toed Jerboa (Dipus sagitta)
GSE223748,taxid:76772,Callospermophilus lateralis,Golden-Mantled Ground Squirrel,Golden-Mantled Ground Squirrel (Callospermophilus lateralis)
GSE223748,taxid:77214,Eidolon helvum,Straw-Colored Fruit Bat,Straw-Colored Fruit Bat (Eidolon helvum)
GSE223748,taxid:77216,Pteropus rodricensis,Rodriguez Flying Fox,Rodriguez Flying Fox (Pteropus rodricensis)
GSE223748,taxid:79684,Microtus ochrogaster,Prairie Vole,Prairie Vole (Microtus ochrogaster)
GSE223748,taxid:79784,Tursiops aduncus,Indo-Pacific Bottlenose Dolphin,Indo-Pacific Bottlenose Dolphin (Tursiops aduncus)
GSE223748,taxid:83281,Propithecus diadema,Diademed Sifaka,Diademed Sifaka (Propithecus diadema)
GSE223748,taxid:84074,Cyclopes didactylus,Silky Anteater,Silky Anteater (Cyclopes didactylus)
GSE223748,taxid:86973,Okapia johnstoni,Okapi,Okapi (Okapia johnstoni)
GSE223748,taxid:87288,Eulemur flavifrons,Sclater's Lemur,Sclater's Lemur (Eulemur flavifrons)
GSE223748,taxid:89248,Equus quagga,Plains Zebra,Plains Zebra (Equus quagga)
GSE223748,taxid:89673,Phyllostomus discolor,Pale Spear-Nosed Bat,Pale Spear-Nosed Bat (Phyllostomus discolor)
GSE223748,taxid:92062,Mustela altaica,Mountain Weasel,Mountain Weasel (Mustela altaica)
GSE223748,taxid:93162,Marmota flaviventris,Yellow-Bellied Marmot,Yellow-Bellied Marmot (Marmota flaviventris)
GSE223748,taxid:94437,Parascalops breweri,Hairy-Tailed Mole,Hairy-Tailed Mole (Parascalops breweri)
GSE223748,taxid:94439,Tenrec ecaudatus,Tailess Tenrec,Tailess Tenrec (Tenrec ecaudatus)
GSE223748,taxid:99858,Callospermophilus saturatus,Cascade Golden-Mantled Ground Squirrel,Cascade Golden-Mantled Ground Squirrel (Callospermophilus saturatus)
GSE223748,taxid:100897,Alexandromys fortis,Reed Vole,Reed Vole (Alexandromys fortis)
GSE223748,taxid:101278,Xanthonycticebus pygmaeus,Pygmy Slow Loris,Pygmy Slow Loris (Xanthonycticebus pygmaeus)
GSE223748,taxid:101655,Connochaetes taurinus,Brindled Gnu,Brindled Gnu (Connochaetes taurinus)
GSE223748,taxid:101671,Napaeozapus insignis,Woodland Jumping Mouse,Woodland Jumping Mouse (Napaeozapus insignis)
GSE223748,taxid:101673,Eozapus setchuanus,Chinese Jumping Mouse,Chinese Jumping Mouse (Eozapus setchuanus)
GSE223748,taxid:103582,Cephalorhynchus commersonii,Commerson's Dolphin,Commerson's Dolphin (Cephalorhynchus commersonii)
GSE223748,taxid:105147,Neotoma cinerea,Bushy-Tailed Woodrat,Bushy-Tailed Woodrat (Neotoma cinerea)
GSE223748,taxid:105297,Apodemus peninsulae,Korean Field Mouse,Korean Field Mouse (Apodemus peninsulae)
GSE223748,taxid:108852,Cuniculus paca,Lowland Paca,Lowland Paca (Cuniculus paca)
GSE223748,taxid:109478,Myotis brandtii,Brandt's Bat,Brandt's Bat (Myotis brandtii)
GSE223748,taxid:109481,Myotis nattereri,Natterer's Bat,Natterer's Bat (Myotis nattereri)
GSE223748,taxid:109678,Phodopus roborovskii,Desert Hamster,Desert Hamster (Phodopus roborovskii)
GSE223748,taxid:111840,Microtus richardsoni,Water Vole,Water Vole (Microtus richardsoni)
GSE223748,taxid:113277,Elephantulus myurus,Eastern Rock Elephant Shrew,Eastern Rock Elephant Shrew (Elephantulus myurus)
GSE223748,taxid:121573,Rhabdomys pumilio,Four-Striped Grass Mouse,Four-Striped Grass Mouse (Rhabdomys pumilio)
GSE223748,taxid:122225,Eulemur sanfordi,Sanford's Brown Lemur,Sanford's Brown Lemur (Eulemur sanfordi)
GSE223748,taxid:123796,Tamias townsendii,Townsend's Chipmunk,Townsend's Chipmunk (Tamias townsendii)
GSE223748,taxid:124756,Rhinopoma hardwickii,Lesser Mouse-Tailed Bat,Lesser Mouse-Tailed Bat (Rhinopoma hardwickii)
GSE223748,taxid:130819,Ochotona alpina,Alpine Pika,Alpine Pika (Ochotona alpina)
GSE223748,taxid:130827,Ochotona dauurica,Daurian Pika,Daurian Pika (Ochotona dauurica)
GSE223748,taxid:130834,Ochotona hyperborea,Northern Pika,Northern Pika (Ochotona hyperborea)
GSE223748,taxid:130839,Ochotona pallasi,Pallas's Pika,Pallas's Pika (Ochotona pallasi)
GSE223748,taxid:132908,Pteropus vampyrus,Large Flying Fox,Large Flying Fox (Pteropus vampyrus)
GSE223748,taxid:134910,Apodemus uralensis,Pygmy Field Mouse,Pygmy Field Mouse (Apodemus uralensis)
GSE223748,taxid:143287,Cavia tschudii,Montane Guinea Pig,Montane Guinea Pig (Cavia tschudii)
GSE223748,taxid:143302,Condylura cristata,Star-Nosed Mole,Star-Nosed Mole (Condylura cristata)
GSE223748,taxid:144198,Tamiasciurus douglasii,Douglas Squirrel,Douglas Squirrel (Tamiasciurus douglasii)
GSE223748,taxid:153287,Myotis thysanodes,Fringed Myotis,Fringed Myotis (Myotis thysanodes)
GSE223748,taxid:159337,Myotis yumanensis,Yuma Myotis,Yuma Myotis (Myotis yumanensis)
GSE223748,taxid:161598,Pteropus pumilus,Little Golden-Mantled Flying Fox,Little Golden-Mantled Flying Fox (Pteropus pumilus)
GSE223748,taxid:161930,Neophoca cinerea,Australian Sea Lion,Australian Sea Lion (Neophoca cinerea)
GSE223748,taxid:162168,Zapus princeps,Western Jumping Mouse,Western Jumping Mouse (Zapus princeps)
GSE223748,taxid:182674,Scapanus orarius,Coast Mole,Coast Mole (Scapanus orarius)
GSE223748,taxid:182677,Neurotrichus gibbsii,American Shrew Mole,American Shrew Mole (Neurotrichus gibbsii)
GSE223748,taxid:183749,Tolypeutes matacus,Souther Three-Banded Armadillo,Souther Three-Banded Armadillo (Tolypeutes matacus)
GSE223748,taxid:186474,Rhombomys opimus,Great Gerbil,Great Gerbil (Rhombomys opimus)
GSE223748,taxid:217708,Hemiechinus auritus,Long-Eared Hedgehog,Long-Eared Hedgehog (Hemiechinus auritus)
GSE223748,taxid:233766,Myotis vivesi,Fish-Eating Bat,Fish-Eating Bat (Myotis vivesi)
GSE223748,taxid:234626,Orientallactaga sibirica,Mongolian Five-Toed Jerboa,Mongolian Five-Toed Jerboa (Orientallactaga sibirica)
GSE223748,taxid:242384,Mops pumilus,Little Free-Tailed Bat,Little Free-Tailed Bat (Mops pumilus)
GSE223748,taxid:246436,Tupaia longipes,Long-Footed Tree Shrew,Long-Footed Tree Shrew (Tupaia longipes)
GSE223748,taxid:249017,Rhynchonycteris naso,Proboscis Bat,Proboscis Bat (Rhynchonycteris naso)
GSE223748,taxid:249024,Rhinolophus alcyone,Halcyon Horseshoe Bat,Halcyon Horseshoe Bat (Rhinolophus alcyone)
GSE223748,taxid:257883,Myotis evotis,Long-Eared Myotis,Long-Eared Myotis (Myotis evotis)
GSE223748,taxid:262775,Paraechinus aethiopicus,Desert Hedgehog,Desert Hedgehog (Paraechinus aethiopicus)
GSE223748,taxid:269655,Microtus guentheri,Günther's Vole,Günther's Vole (Microtus guentheri)
GSE223748,taxid:298881,Gerbillus nanus,Baluchistan Gerbil,Baluchistan Gerbil (Gerbillus nanus)
GSE223748,taxid:298885,Meriones rex,King Jird,King Jird (Meriones rex)
GSE223748,taxid:298886,Meriones libycus,Libyan Jird,Libyan Jird (Meriones libycus)
GSE223748,taxid:302418,Smutsia temminckii,Ground Pangolin,Ground Pangolin (Smutsia temminckii)
GSE223748,taxid:319813,Hemicentetes semispinosus,Lowland Streaked Tenrec,Lowland Streaked Tenrec (Hemicentetes semispinosus)
GSE223748,taxid:319819,Setifer setosus,Greater Hedgehog Tenrec,Greater Hedgehog Tenrec (Setifer setosus)
GSE223748,taxid:320342,Tupaia gracilis,Slender Tree Shrew,Slender Tree Shrew (Tupaia gracilis)
GSE223748,taxid:329620,Ellobius talpinus,Northern Mole Vole,Northern Mole Vole (Ellobius talpinus)
GSE223748,taxid:329629,Cricetulus barabensis,Striped Dwarf Hamster,Striped Dwarf Hamster (Cricetulus barabensis)
GSE223748,taxid:329863,Microgale cowani,Cowan's Shrew Tenrec,Cowan's Shrew Tenrec (Microgale cowani)
GSE223748,taxid:339999,Mirza zaza,Northern Giant Mouse Lemur,Northern Giant Mouse Lemur (Mirza zaza)
GSE223748,taxid:347518,Alticola semicanus,Mongolian Silver Vole,Mongolian Silver Vole (Alticola semicanus)
GSE223748,taxid:358129,Dendrohyrax arboreus,Southern Tree Hyrax,Southern Tree Hyrax (Dendrohyrax arboreus)
GSE223748,taxid:362336,Suncus varilla,Lesser Dwarf Shrew,Lesser Dwarf Shrew (Suncus varilla)
GSE223748,taxid:365149,Sylvilagus bachmani,Brush Rabbit,Brush Rabbit (Sylvilagus bachmani)
GSE223748,taxid:379532,Propithecus coquereli,Coquerel's Sifaka,Coquerel's Sifaka (Propithecus coquereli)
GSE223748,taxid:399234,Lasiopodomys mandarinus,Mandarin Vole,Mandarin Vole (Lasiopodomys mandarinus)
GSE223748,taxid:400185,Alticola barakshin,Gobi Altai Mountain Vole,Gobi Altai Mountain Vole (Alticola barakshin)
GSE223748,taxid:407171,Lasiopodomys brandtii,Brandt's Vole,Brandt's Vole (Lasiopodomys brandtii)
GSE223748,taxid:452597,Aonyx cinereus,Asian Small-Clawed Otter,Asian Small-Clawed Otter (Aonyx cinereus)
GSE223748,taxid:452646,Neogale vison,American Mink,American Mink (Neogale vison)
GSE223748,taxid:458296,Crocidura cyanea,Reddish-Gray Musk Shrew,Reddish-Gray Musk Shrew (Crocidura cyanea)
GSE223748,taxid:463808,Hipposideros ruber,Noack's Leaf-Nosed Bat,Noack's Leaf-Nosed Bat (Hipposideros ruber)
GSE223748,taxid:470139,Alexandromys maximowiczii,Maximovicz's Vole,Maximovicz's Vole (Alexandromys maximowiczii)
GSE223748,taxid:472707,Micaelamys namaquensis,Namaqua Micaelamys,Namaqua Micaelamys (Micaelamys namaquensis)
GSE223748,taxid:473866,Clethrionomys gapperi,Southern Red-Backed Vole,Southern Red-Backed Vole (Clethrionomys gapperi)
GSE223748,taxid:482537,Galeopterus variegatus,Sunda Flying Lemur,Sunda Flying Lemur (Galeopterus variegatus)
GSE223748,taxid:483865,Sylvilagus brasiliensis,Tapeti,Tapeti (Sylvilagus brasiliensis)
GSE223748,taxid:554167,Varecia rubra,Red Ruffed Lemur,Red Ruffed Lemur (Varecia rubra)
GSE223748,taxid:578340,Asellia tridens,Geoffroy's Trident Leaf-Nosed Bat,Geoffroy's Trident Leaf-Nosed Bat (Asellia tridens)
GSE223748,taxid:686678,Galea musteloides,Cuis,Cuis (Galea musteloides)
GSE223748,taxid:700936,Leptonycteris yerbabuenae,Lesser Long-Nosed Bat,Lesser Long-Nosed Bat (Leptonycteris yerbabuenae)
GSE223748,taxid:716674,Alexandromys mongolicus,Mongolian Vole,Mongolian Vole (Alexandromys mongolicus)
GSE223748,taxid:859983,Eulemur rufus,Red-Fronted Lemur,Red-Fronted Lemur (Eulemur rufus)
GSE223748,taxid:885580,Fukomys damarensis,Damara Mole-Rat,Damara Mole-Rat (Fukomys damarensis)
GSE223748,taxid:1026970,Nannospalax galili,Upper Galilee Mountains Blind Mole Rat,Upper Galilee Mountains Blind Mole Rat (Nannospalax galili)
GSE223748,taxid:1183062,Cephalorhynchus hectori,Hector's Dolphin,Hector's Dolphin (Cephalorhynchus hectori)
GSE223748,taxid:1215604,Eulemur albifrons,White-Headed Lemur,White-Headed Lemur (Eulemur albifrons)
GSE223748,taxid:1276262,Cephalorhynchus hectori,Hector's Dolphin,Hector's Dolphin (Cephalorhynchus hectori)
GSE223748,taxid:1543301,Paraechinus hypomelas,Brandt's Hedgehog,Brandt's Hedgehog (Paraechinus hypomelas)
GSE223748,taxid:1545439,Gerbillus cheesmani,Cheesman's Gerbil,Cheesman's Gerbil (Gerbillus cheesmani)
GSE223748,taxid:1548219,Microgale thomasi,Thomas's Shrew Tenrec,Thomas's Shrew Tenrec (Microgale thomasi)
GSE223748,taxid:1574408,Cervus canadensis,Elk,Elk (Cervus canadensis)
GSE223748,taxid:1833851,Microgale drouhardi,Drouhard's Shrew Tenrec,Drouhard's Shrew Tenrec (Microgale drouhardi)
GSE223748,taxid:1960652,Notamacropus rufogriseus,Red-Necked Wallaby,Red-Necked Wallaby (Notamacropus rufogriseus)
GSE223748,taxid:2162900,Alexandromys oeconomus,Root Vole,Root Vole (Alexandromys oeconomus)
GSE223748,taxid:2583312,Nesogale talazaci,Talazac's Shrew Tenrec,Talazac's Shrew Tenrec (Nesogale talazaci)
GSE223748,taxid:2929754,Myodes rufocanus,Gray Red-Backed Vole,Gray Red-Backed Vole (Myodes rufocanus)
GSE223748,taxid:3122392,Nothocricetulus migratorius,Armenian Hamster,Armenian Hamster (Nothocricetulus migratorius)
GSE223748,taxid:3370370,Neogale frenata,Long-Tailed Weasel,Long-Tailed Weasel (Neogale frenata)
GSE223748,taxid:3371155,Sagmatias obliquidens,Pacific White-Sided Dolphin,Pacific White-Sided Dolphin (Sagmatias obliquidens)
GSE223748,taxid:3371160,Stenocranius gregalis,Narrow-Headed Vole,Narrow-Headed Vole (Stenocranius gregalis)
GSE184220,Homo sapiens,Homo sapiens,Human,Human (Homo sapiens)
GSE184220,Mus musculus,Mus musculus,Mouse,Mouse (Mus musculus)
GSE229702,Homo sapiens,Homo sapiens,Human,Human (Homo sapiens)
GSE239746,Macaca mulatta,Macaca mulatta,Rhesus macaque,Rhesus macaque (Macaca mulatta)
GSE239746,taxid:9541,Macaca fascicularis,Crab-Eating Macaque,Crab-Eating Macaque (Macaca fascicularis)
GSE239742,taxid:9541,Macaca fascicularis,Crab-Eating Macaque,Crab-Eating Macaque (Macaca fascicularis)
GSE239741,taxid:9541,Macaca fascicularis,Crab-Eating Macaque,Crab-Eating Macaque (Macaca fascicularis)
GSE222930,Macaca mulatta,Macaca mulatta,Rhesus macaque,Rhesus macaque (Macaca mulatta)
GSE222930,taxid:9541,Macaca fascicularis,Crab-Eating Macaque,Crab-Eating Macaque (Macaca fascicularis)
GSE210868,Homo sapiens,Homo sapiens,Human,Human (Homo sapiens)
GSE231450,Mus musculus,Mus musculus,Mouse,Mouse (Mus musculus)
GSE231448,Mus musculus,Mus musculus,Mouse,Mouse (Mus musculus)
GSE231447,Mus musculus,Mus musculus,Mouse,Mouse (Mus musculus)
GSE237343,Homo sapiens,Homo sapiens,Human,Human (Homo sapiens)
GSE221827,Homo sapiens,Homo sapiens,Human,Human (Homo sapiens)
GSE237677,Homo sapiens,Homo sapiens,Human,Human (Homo sapiens)
GSE208704,Homo sapiens,Homo sapiens,Human,Human (Homo sapiens)
GSE123555,Homo sapiens,Homo sapiens,Human,Human (Homo sapiens)
GSE222987,Homo sapiens,Homo sapiens,Human,Human (Homo sapiens)
GSE220464,Mus musculus,Mus musculus,Mouse,Mouse (Mus musculus)
GSE217823,Mus musculus,Mus musculus,Mouse,Mouse (Mus musculus)
GSE217262,Mus musculus,Mus musculus,Mouse,Mouse (Mus musculus)
GSE217261,Mus musculus,Mus musculus,Mouse,Mouse (Mus musculus)
GSE217239,Mus musculus,Mus musculus,Mouse,Mouse (Mus musculus)
GSE233140,Homo sapiens,Homo sapiens,Human,Human (Homo sapiens)
GSE196224,Mus musculus,Mus musculus,Mouse,Mouse (Mus musculus)
GSE163286,Mus musculus,Mus musculus,Mouse,Mouse (Mus musculus)
GSE205581,Mus musculus,Mus musculus,Mouse,Mouse (Mus musculus)
GSE235271,Homo sapiens,Homo sapiens,Human,Human (Homo sapiens)
GSE217041,Mus musculus,Mus musculus,Mouse,Mouse (Mus musculus)
GSE200161,Homo sapiens,Homo sapiens,Human,Human (Homo sapiens)
GSE207630,Homo sapiens,Homo sapiens,Human,Human (Homo sapiens)
GSE204723,Homo sapiens,Homo sapiens,Human,Human (Homo sapiens)
GSE204722,Homo sapiens,Homo sapiens,Human,Human (Homo sapiens)
GSE234128,Homo sapiens,Homo sapiens,Human,Human (Homo sapiens)
GSE233482,Mus musculus,Mus musculus,Mouse,Mouse (Mus musculus)
GSE233481,Mus musculus,Mus musculus,Mouse,Mouse (Mus musculus)
GSE233438,Mus musculus,Mus musculus,Mouse,Mouse (Mus musculus)
GSE205632,Homo sapiens,Homo sapiens,Human,Human (Homo sapiens)
GSE205632,Mus musculus,Mus musculus,Mouse,Mouse (Mus musculus)
GSE205631,Mus musculus,Mus musculus,Mouse,Mouse (Mus musculus)
GSE205609,Homo sapiens,Homo sapiens,Human,Human (Homo sapiens)
GSE233282,Homo sapiens,Homo sapiens,Human,Human (Homo sapiens)
GSE233282,Mus musculus,Mus musculus,Mouse,Mouse (Mus musculus)
GSE233252,Mus musculus,Mus musculus,Mouse,Mouse (Mus musculus)
GSE207887,Homo sapiens,Homo sapiens,Human,Human (Homo sapiens)
GSE203192,taxid:10114,Rattus norvegicus,Rat,Rat (Rattus norvegicus)
GSE202339,Homo sapiens,Homo sapiens,Human,Human (Homo sapiens)
GSE202339,Rattus norvegicus,Rattus norvegicus,Rat,Rat (Rattus norvegicus)
GSE202339,taxid:10114,Rattus norvegicus,Rat,Rat (Rattus norvegicus)
GSE202337,Rattus norvegicus,Rattus norvegicus,Rat,Rat (Rattus norvegicus)
GSE202336,Homo sapiens,Homo sapiens,Human,Human (Homo sapiens)
GSE215382,Mus musculus,Mus musculus,Mouse,Mouse (Mus musculus)
GSE215381,Mus musculus,Mus musculus,Mouse,Mouse (Mus musculus)
GSE215380,Mus musculus,Mus musculus,Mouse,Mouse (Mus musculus)
GSE193685,Mus musculus,Mus musculus,Mouse,Mouse (Mus musculus)
GSE150066,Mus musculus,Mus musculus,Mouse,Mouse (Mus musculus)
GSE217210,Homo sapiens,Homo sapiens,Human,Human (Homo sapiens)
GSE140602,Homo sapiens,Homo sapiens,Human,Human (Homo sapiens)
GSE229514,Mus musculus,Mus musculus,Mouse,Mouse (Mus musculus)
GSE223612,Homo sapiens,Homo sapiens,Human,Human (Homo sapiens)
GSE183072,Homo sapiens,Homo sapiens,Human,Human (Homo sapiens)
GSE199024,Mus musculus,Mus musculus,Mouse,Mouse (Mus musculus)
GSE192558,Homo sapiens,Homo sapiens,Human,Human (Homo sapiens)
GSE228777,Mus musculus,Mus musculus,Mouse,Mouse (Mus musculus)
GSE228408,Homo sapiens,Homo sapiens,Human,Human (Homo sapiens)
GSE228310,Homo sapiens,Homo sapiens,Human,Human (Homo sapiens)
GSE181638,Homo sapiens,Homo sapiens,Human,Human (Homo sapiens)
GSE208539,Homo sapiens,Homo sapiens,Human,Human (Homo sapiens)
GSE208538,Homo sapiens,Homo sapiens,Human,Human (Homo sapiens)
GSE208361,Homo sapiens,Homo sapiens,Human,Human (Homo sapiens)
GSE147224,Homo sapiens,Homo sapiens,Human,Human (Homo sapiens)
GSE224785,Homo sapiens,Homo sapiens,Human,Human (Homo sapiens)
GSE100988,Homo sapiens,Homo sapiens,Human,Human (Homo sapiens)
GSE211251,Mus musculus,Mus musculus,Mouse,Mouse (Mus musculus)
GSE180637,taxid:9541,Macaca fascicularis,Crab-Eating Macaque,Crab-Eating Macaque (Macaca fascicularis)
GSE169523,Homo sapiens,Homo sapiens,Human,Human (Homo sapiens)
GSE182017,Homo sapiens,Homo sapiens,Human,Human (Homo sapiens)
GSE182015,Homo sapiens,Homo sapiens,Human,Human (Homo sapiens)
GSE182014,Homo sapiens,Homo sapiens,Human,Human (Homo sapiens)
GSE182013,Homo sapiens,Homo sapiens,Human,Human (Homo sapiens)
GSE182012,Homo sapiens,Homo sapiens,Human,Human (Homo sapiens)
GSE225378,Homo sapiens,Homo sapiens,Human,Human (Homo sapiens)
GSE220877,Homo sapiens,Homo sapiens,Human,Human (Homo sapiens)
GSE224682,Mus musculus,Mus musculus,Mouse,Mouse (Mus musculus)
GSE181904,Mus musculus,Mus musculus,Mouse,Mouse (Mus musculus)
GSE209977,Homo sapiens,Homo sapiens,Human,Human (Homo sapiens)
GSE209976,Homo sapiens,Homo sapiens,Human,Human (Homo sapiens)
GSE209975,Homo sapiens,Homo sapiens,Human,Human (Homo sapiens)
GSE216244,Homo sapiens,Homo sapiens,Human,Human (Homo sapiens)
GSE204859,Mus musculus,Mus musculus,Mouse,Mouse (Mus musculus)
GSE223826,Macaca mulatta,Macaca mulatta,Rhesus macaque,Rhesus macaque (Macaca mulatta)
GSE190432,Homo sapiens,Homo sapiens,Human,Human (Homo sapiens)
GSE197795,Homo sapiens,Homo sapiens,Human,Human (Homo sapiens)
GSE186257,Homo sapiens,Homo sapiens,Human,Human (Homo sapiens)
GSE156125,Mus musculus,Mus musculus,Mouse,Mouse (Mus musculus)
GSE205831,Rattus norvegicus,Rattus norvegicus,Rat,Rat (Rattus norvegicus)
GSE205828,Rattus norvegicus,Rattus norvegicus,Rat,Rat (Rattus norvegicus)
GSE200289,Mus musculus,Mus musculus,Mouse,Mouse (Mus musculus)
GSE217138,Mus musculus,Mus musculus,Mouse,Mouse (Mus musculus)
GSE217134,Mus musculus,Mus musculus,Mouse,Mouse (Mus musculus)
GSE217096,Mus musculus,Mus musculus,Mouse,Mouse (Mus musculus)
GSE205167,Mus musculus,Mus musculus,Mouse,Mouse (Mus musculus)
GSE198076,Mus musculus,Mus musculus,Mouse,Mouse (Mus musculus)
GSE198075,Mus musculus,Mus musculus,Mouse,Mouse (Mus musculus)
GSE196977,Mus musculus,Mus musculus,Mouse,Mouse (Mus musculus)
GSE196976,Mus musculus,Mus musculus,Mouse,Mouse (Mus musculus)
GSE166362,Mus musculus,Mus musculus,Mouse,Mouse (Mus musculus)
GSE218039,Homo sapiens,Homo sapiens,Human,Human (Homo sapiens)
GSE196547,Mus musculus,Mus musculus,Mouse,Mouse (Mus musculus)
GSE190025,Homo sapiens,Homo sapiens,Human,Human (Homo sapiens)
GSE204977,Homo sapiens,Homo sapiens,Human,Human (Homo sapiens)
GSE221638,taxid:9541,Macaca fascicularis,Crab-Eating Macaque,Crab-Eating Macaque (Macaca fascicularis)
GSE209522,Mus musculus,Mus musculus,Mouse,Mouse (Mus musculus)
GSE180310,Mus musculus,Mus musculus,Mouse,Mouse (Mus musculus)
GSE185471,Homo sapiens,Homo sapiens,Human,Human (Homo sapiens)
GSE203462,Mus musculus,Mus musculus,Mouse,Mouse (Mus musculus)
GSE203462,taxid:10088,Mus musculus,Mouse,Mouse (Mus musculus)
GSE203226,Mus musculus,Mus musculus,Mouse,Mouse (Mus musculus)
GSE183319,Homo sapiens,Homo sapiens,Human,Human (Homo sapiens)
GSE171648,Homo sapiens,Homo sapiens,Human,Human (Homo sapiens)
GSE219314,Homo sapiens,Homo sapiens,Human,Human (Homo sapiens)
GSE217086,Mus musculus,Mus musculus,Mouse,Mouse (Mus musculus)
GSE194219,Homo sapiens,Homo sapiens,Human,Human (Homo sapiens)
GSE206041,Homo sapiens,Homo sapiens,Human,Human (Homo sapiens)
GSE202243,Mus musculus,Mus musculus,Mouse,Mouse (Mus musculus)
GSE206109,Mus musculus,Mus musculus,Mouse,Mouse (Mus musculus)
GSE213799,Homo sapiens,Homo sapiens,Human,Human (Homo sapiens)
GSE209943,Homo sapiens,Homo sapiens,Human,Human (Homo sapiens)
GSE216742,Homo sapiens,Homo sapiens,Human,Human (Homo sapiens)
GSE161969,Homo sapiens,Homo sapiens,Human,Human (Homo sapiens)
GSE216799,Homo sapiens,Homo sapiens,Human,Human (Homo sapiens)
GSE216112,Macaca mulatta,Macaca mulatta,Rhesus macaque,Rhesus macaque (Macaca mulatta)
GSE211927,Homo sapiens,Homo sapiens,Human,Human (Homo sapiens)
GSE196259,Homo sapiens,Homo sapiens,Human,Human (Homo sapiens)
GSE215421,Homo sapiens,Homo sapiens,Human,Human (Homo sapiens)
GSE206037,Homo sapiens,Homo sapiens,Human,Human (Homo sapiens)
GSE214407,Bos taurus,Bos taurus,Cow,Cow (Bos taurus)
GSE214607,Homo sapiens,Homo sapiens,Human,Human (Homo sapiens)
GSE211429,Homo sapiens,Homo sapiens,Human,Human (Homo sapiens)
GSE197810,Homo sapiens,Homo sapiens,Human,Human (Homo sapiens)
GSE207053,Mus musculus,Mus musculus,Mouse,Mouse (Mus musculus)
GSE213164,Homo sapiens,Homo sapiens,Human,Human (Homo sapiens)
GSE213163,Homo sapiens,Homo sapiens,Human,Human (Homo sapiens)
GSE206988,Homo sapiens,Homo sapiens,Human,Human (Homo sapiens)
GSE192917,Homo sapiens,Homo sapiens,Human,Human (Homo sapiens)
GSE206086,Rattus norvegicus,Rattus norvegicus,Rat,Rat (Rattus norvegicus)
GSE153475,Homo sapiens,Homo sapiens,Human,Human (Homo sapiens)
GSE212928,Mus musculus,Mus musculus,Mouse,Mouse (Mus musculus)
GSE207326,Mus musculus,Mus musculus,Mouse,Mouse (Mus musculus)
GSE207313,Mus musculus,Mus musculus,Mouse,Mouse (Mus musculus)
GSE212603,Homo sapiens,Homo sapiens,Human,Human (Homo sapiens)
GSE211791,Homo sapiens,Homo sapiens,Human,Human (Homo sapiens)
GSE182381,Homo sapiens,Homo sapiens,Human,Human (Homo sapiens)
GSE157553,Mus musculus,Mus musculus,Mouse,Mouse (Mus musculus)
GSE195489,Mus musculus,Mus musculus,Mouse,Mouse (Mus musculus)
GSE202611,Mus musculus,Mus musculus,Mouse,Mouse (Mus musculus)
GSE209796,Mus musculus,Mus musculus,Mouse,Mouse (Mus musculus)
GSE209795,Mus musculus,Mus musculus,Mouse,Mouse (Mus musculus)
GSE206401,Homo sapiens,Homo sapiens,Human,Human (Homo sapiens)
GSE184860,Homo sapiens,Homo sapiens,Human,Human (Homo sapiens)
GSE208529,Homo sapiens,Homo sapiens,Human,Human (Homo sapiens)
GSE194033,Bos taurus,Bos taurus,Cow,Cow (Bos taurus)
GSE208681,Mus musculus,Mus musculus,Mouse,Mouse (Mus musculus)
GSE205634,Mus musculus,Mus musculus,Mouse,Mouse (Mus musculus)
GSE208389,Homo sapiens,Homo sapiens,Human,Human (Homo sapiens)
GSE209505,Homo sapiens,Homo sapiens,Human,Human (Homo sapiens)
GSE209471,Homo sapiens,Homo sapiens,Human,Human (Homo sapiens)
GSE209465,Homo sapiens,Homo sapiens,Human,Human (Homo sapiens)
GSE209439,Homo sapiens,Homo sapiens,Human,Human (Homo sapiens)
GSE209374,Homo sapiens,Homo sapiens,Human,Human (Homo sapiens)
GSE209328,Homo sapiens,Homo sapiens,Human,Human (Homo sapiens)
GSE209309,Homo sapiens,Homo sapiens,Human,Human (Homo sapiens)
GSE209133,Homo sapiens,Homo sapiens,Human,Human (Homo sapiens)
GSE209109,Homo sapiens,Homo sapiens,Human,Human (Homo sapiens)
GSE208823,Homo sapiens,Homo sapiens,Human,Human (Homo sapiens)
GSE164906,Mus musculus,Mus musculus,Mouse,Mouse (Mus musculus)
GSE164904,Mus musculus,Mus musculus,Mouse,Mouse (Mus musculus)
GSE205598,Sus scrofa,Sus scrofa,Wild boar,Wild boar (Sus scrofa)
GSE182900,Homo sapiens,Homo sapiens,Human,Human (Homo sapiens)
GSE188352,Homo sapiens,Homo sapiens,Human,Human (Homo sapiens)
GSE181335,Mus musculus,Mus musculus,Mouse,Mouse (Mus musculus)
GSE181334,Mus musculus,Mus musculus,Mouse,Mouse (Mus musculus)
GSE181326,Mus musculus,Mus musculus,Mouse,Mouse (Mus musculus)
GSE181320,Mus musculus,Mus musculus,Mouse,Mouse (Mus musculus)
GSE181058,Mus musculus,Mus musculus,Mouse,Mouse (Mus musculus)
GSE181056,Mus musculus,Mus musculus,Mouse,Mouse (Mus musculus)
GSE181055,Mus musculus,Mus musculus,Mouse,Mouse (Mus musculus)
GSE181053,Mus musculus,Mus musculus,Mouse,Mouse (Mus musculus)
GSE200659,Homo sapiens,Homo sapiens,Human,Human (Homo sapiens)
GSE206182,Mus musculus,Mus musculus,Mouse,Mouse (Mus musculus)
GSE193676,taxid:9796,Equus caballus,Horse,Horse (Equus caballus)
GSE162893,taxid:9796,Equus caballus,Horse,Horse (Equus caballus)
GSE200961,Mus musculus,Mus musculus,Mouse,Mouse (Mus musculus)
GSE200958,Mus musculus,Mus musculus,Mouse,Mouse (Mus musculus)
GSE168232,Rattus norvegicus,Rattus norvegicus,Rat,Rat (Rattus norvegicus)
GSE203346,Homo sapiens,Homo sapiens,Human,Human (Homo sapiens)
GSE203169,Homo sapiens,Homo sapiens,Human,Human (Homo sapiens)
GSE204835,Homo sapiens,Homo sapiens,Human,Human (Homo sapiens)
GSE203353,Homo sapiens,Homo sapiens,Human,Human (Homo sapiens)
GSE202064,Homo sapiens,Homo sapiens,Human,Human (Homo sapiens)
GSE122503,Mus musculus,Mus musculus,Mouse,Mouse (Mus musculus)
GSE116751,Mus musculus,Mus musculus,Mouse,Mouse (Mus musculus)
GSE185005,Mus musculus,Mus musculus,Mouse,Mouse (Mus musculus)
GSE185001,Mus musculus,Mus musculus,Mouse,Mouse (Mus musculus)
GSE178233,Mus musculus,Mus musculus,Mouse,Mouse (Mus musculus)
GSE178229,Mus musculus,Mus musculus,Mouse,Mouse (Mus musculus)
GSE178098,Mus musculus,Mus musculus,Mouse,Mouse (Mus musculus)
GSE203189,Mus musculus,Mus musculus,Mouse,Mouse (Mus musculus)
GSE197451,Sus scrofa,Sus scrofa,Wild boar,Wild boar (Sus scrofa)
GSE182791,Homo sapiens,Homo sapiens,Human,Human (Homo sapiens)
GSE182790,Homo sapiens,Homo sapiens,Human,Human (Homo sapiens)
GSE182789,Homo sapiens,Homo sapiens,Human,Human (Homo sapiens)
GSE192850,Homo sapiens,Homo sapiens,Human,Human (Homo sapiens)
GSE165131,Homo sapiens,Homo sapiens,Human,Human (Homo sapiens)
GSE201751,Mus musculus,Mus musculus,Mouse,Mouse (Mus musculus)
GSE201747,Mus musculus,Mus musculus,Mouse,Mouse (Mus musculus)
GSE200184,Rattus norvegicus,Rattus norvegicus,Rat,Rat (Rattus norvegicus)
GSE172241,Homo sapiens,Homo sapiens,Human,Human (Homo sapiens)
GSE171127,Mus musculus,Mus musculus,Mouse,Mouse (Mus musculus)
GSE201496,Homo sapiens,Homo sapiens,Human,Human (Homo sapiens)
GSE198700,Homo sapiens,Homo sapiens,Human,Human (Homo sapiens)
GSE201038,Mus musculus,Mus musculus,Mouse,Mouse (Mus musculus)
GSE172040,Homo sapiens,Homo sapiens,Human,Human (Homo sapiens)
GSE193271,Mus musculus,Mus musculus,Mouse,Mouse (Mus musculus)
GSE184410,Homo sapiens,Homo sapiens,Human,Human (Homo sapiens)
GSE184410,Mus musculus,Mus musculus,Mouse,Mouse (Mus musculus)
GSE184410,Rattus norvegicus,Rattus norvegicus,Rat,Rat (Rattus norvegicus)
GSE184410,taxid:10029,Cricetulus griseus,Chinese Hamster,Chinese Hamster (Cricetulus griseus)
GSE181238,Homo sapiens,Homo sapiens,Human,Human (Homo sapiens)
GSE172329,Homo sapiens,Homo sapiens,Human,Human (Homo sapiens)
GSE195998,Mus musculus,Mus musculus,Mouse,Mouse (Mus musculus)
GSE199670,Mus musculus,Mus musculus,Mouse,Mouse (Mus musculus)
GSE184830,Homo sapiens,Homo sapiens,Human,Human (Homo sapiens)
GSE199148,Homo sapiens,Homo sapiens,Human,Human (Homo sapiens)
GSE137854,Homo sapiens,Homo sapiens,Human,Human (Homo sapiens)
GSE198947,Mus musculus,Mus musculus,Mouse,Mouse (Mus musculus)
GSE198373,Homo sapiens,Homo sapiens,Human,Human (Homo sapiens)
GSE175935,Mus musculus,Mus musculus,Mouse,Mouse (Mus musculus)
GSE175934,Mus musculus,Mus musculus,Mouse,Mouse (Mus musculus)
GSE175644,Mus musculus,Mus musculus,Mouse,Mouse (Mus musculus)
GSE175638,Mus musculus,Mus musculus,Mouse,Mouse (Mus musculus)
GSE175632,Mus musculus,Mus musculus,Mouse,Mouse (Mus musculus)
GSE198252,Homo sapiens,Homo sapiens,Human,Human (Homo sapiens)
GSE175646,Mus musculus,Mus musculus,Mouse,Mouse (Mus musculus)
GSE192968,Mus musculus,Mus musculus,Mouse,Mouse (Mus musculus)
GSE180979,Mus musculus,Mus musculus,Mouse,Mouse (Mus musculus)
GSE171017,Mus musculus,Mus musculus,Mouse,Mouse (Mus musculus)
GSE171016,Mus musculus,Mus musculus,Mouse,Mouse (Mus musculus)
GSE180577,Bos taurus,Bos taurus,Cow,Cow (Bos taurus)
GSE188313,Homo sapiens,Homo sapiens,Human,Human (Homo sapiens)
GSE196825,Homo sapiens,Homo sapiens,Human,Human (Homo sapiens)
GSE196825,Mus musculus,Mus musculus,Mouse,Mouse (Mus musculus)
GSE185030,Mus musculus,Mus musculus,Mouse,Mouse (Mus musculus)
GSE166216,Mus musculus,Mus musculus,Mouse,Mouse (Mus musculus)
GSE196032,Homo sapiens,Homo sapiens,Human,Human (Homo sapiens)
GSE178152,Homo sapiens,Homo sapiens,Human,Human (Homo sapiens)
GSE174174,Mus musculus,Mus musculus,Mouse,Mouse (Mus musculus)
GSE162950,Homo sapiens,Homo sapiens,Human,Human (Homo sapiens)
GSE178203,Homo sapiens,Homo sapiens,Human,Human (Homo sapiens)
GSE178206,Homo sapiens,Homo sapiens,Human,Human (Homo sapiens)
GSE171724,Mus musculus,Mus musculus,Mouse,Mouse (Mus musculus)
GSE171723,Mus musculus,Mus musculus,Mouse,Mouse (Mus musculus)
GSE164700,Mus musculus,Mus musculus,Mouse,Mouse (Mus musculus)
GSE167946,Homo sapiens,Homo sapiens,Human,Human (Homo sapiens)
GSE178162,Homo sapiens,Homo sapiens,Human,Human (Homo sapiens)
GSE156987,Homo sapiens,Homo sapiens,Human,Human (Homo sapiens)
GSE154415,Homo sapiens,Homo sapiens,Human,Human (Homo sapiens)
GSE154414,Homo sapiens,Homo sapiens,Human,Human (Homo sapiens)
GSE154413,Homo sapiens,Homo sapiens,Human,Human (Homo sapiens)
GSE148952,Homo sapiens,Homo sapiens,Human,Human (Homo sapiens)
GSE158901,Homo sapiens,Homo sapiens,Human,Human (Homo sapiens)
GSE190973,Homo sapiens,Homo sapiens,Human,Human (Homo sapiens)
GSE190972,Homo sapiens,Homo sapiens,Human,Human (Homo sapiens)
GSE190971,Homo sapiens,Homo sapiens,Human,Human (Homo sapiens)
GSE174481,Homo sapiens,Homo sapiens,Human,Human (Homo sapiens)
GSE190694,Homo sapiens,Homo sapiens,Human,Human (Homo sapiens)
GSE190639,Homo sapiens,Homo sapiens,Human,Human (Homo sapiens)
GSE123719,Homo sapiens,Homo sapiens,Human,Human (Homo sapiens)
GSE189683,Mus musculus,Mus musculus,Mouse,Mouse (Mus musculus)
GSE183698,Mus musculus,Mus musculus,Mouse,Mouse (Mus musculus)
GSE179114,Mus musculus,Mus musculus,Mouse,Mouse (Mus musculus)
GSE189408,Mus musculus,Mus musculus,Mouse,Mouse (Mus musculus)
GSE179695,Mus musculus,Mus musculus,Mouse,Mouse (Mus musculus)
GSE166660,Rattus norvegicus,Rattus norvegicus,Rat,Rat (Rattus norvegicus)
GSE166604,Rattus norvegicus,Rattus norvegicus,Rat,Rat (Rattus norvegicus)
GSE171755,Rattus norvegicus,Rattus norvegicus,Rat,Rat (Rattus norvegicus)
GSE171754,Rattus norvegicus,Rattus norvegicus,Rat,Rat (Rattus norvegicus)
GSE171753,Rattus norvegicus,Rattus norvegicus,Rat,Rat (Rattus norvegicus)
GSE171223,Homo sapiens,Homo sapiens,Human,Human (Homo sapiens)
GSE186368,Homo sapiens,Homo sapiens,Human,Human (Homo sapiens)
GSE188872,Homo sapiens,Homo sapiens,Human,Human (Homo sapiens)
GSE163226,Rattus norvegicus,Rattus norvegicus,Rat,Rat (Rattus norvegicus)
GSE160455,Mus musculus,Mus musculus,Mouse,Mouse (Mus musculus)
GSE186315,Mus musculus,Mus musculus,Mouse,Mouse (Mus musculus)
GSE186149,Homo sapiens,Homo sapiens,Human,Human (Homo sapiens)
GSE186148,Homo sapiens,Homo sapiens,Human,Human (Homo sapiens)
GSE186147,Homo sapiens,Homo sapiens,Human,Human (Homo sapiens)
GSE151329,Mus musculus,Mus musculus,Mouse,Mouse (Mus musculus)
GSE157555,Mus musculus,Mus musculus,Mouse,Mouse (Mus musculus)
GSE175489,Mus musculus,Mus musculus,Mouse,Mouse (Mus musculus)
GSE168130,Homo sapiens,Homo sapiens,Human,Human (Homo sapiens)
GSE168028,Homo sapiens,Homo sapiens,Human,Human (Homo sapiens)
GSE168021,Homo sapiens,Homo sapiens,Human,Human (Homo sapiens)
GSE169598,Homo sapiens,Homo sapiens,Human,Human (Homo sapiens)
GSE183879,Homo sapiens,Homo sapiens,Human,Human (Homo sapiens)
GSE125592,Homo sapiens,Homo sapiens,Human,Human (Homo sapiens)
GSE183421,Homo sapiens,Homo sapiens,Human,Human (Homo sapiens)
GSE159347,Macaca mulatta,Macaca mulatta,Rhesus macaque,Rhesus macaque (Macaca mulatta)
GSE159347,taxid:9541,Macaca fascicularis,Crab-Eating Macaque,Crab-Eating Macaque (Macaca fascicularis)
GSE171554,Mus musculus,Mus musculus,Mouse,Mouse (Mus musculus)
GSE165970,Homo sapiens,Homo sapiens,Human,Human (Homo sapiens)
GSE157556,Mus musculus,Mus musculus,Mouse,Mouse (Mus musculus)
GSE182462,Mus musculus,Mus musculus,Mouse,Mouse (Mus musculus)
GSE157554,Mus musculus,Mus musculus,Mouse,Mouse (Mus musculus)
GSE169266,Mus musculus,Mus musculus,Mouse,Mouse (Mus musculus)
GSE135696,Homo sapiens,Homo sapiens,Human,Human (Homo sapiens)
GSE135695,Homo sapiens,Homo sapiens,Human,Human (Homo sapiens)
GSE135694,Homo sapiens,Homo sapiens,Human,Human (Homo sapiens)
GSE135693,Homo sapiens,Homo sapiens,Human,Human (Homo sapiens)
GSE173369,Homo sapiens,Homo sapiens,Human,Human (Homo sapiens)
GSE173323,Homo sapiens,Homo sapiens,Human,Human (Homo sapiens)
GSE141867,Homo sapiens,Homo sapiens,Human,Human (Homo sapiens)
GSE173372,Homo sapiens,Homo sapiens,Human,Human (Homo sapiens)
GSE120480,Homo sapiens,Homo sapiens,Human,Human (Homo sapiens)
GSE155750,Homo sapiens,Homo sapiens,Human,Human (Homo sapiens)
GSE179549,Mus musculus,Mus musculus,Mouse,Mouse (Mus musculus)
GSE153083,Macaca mulatta,Macaca mulatta,Rhesus macaque,Rhesus macaque (Macaca mulatta)
GSE153082,Macaca mulatta,Macaca mulatta,Rhesus macaque,Rhesus macaque (Macaca mulatta)
GSE174689,Homo sapiens,Homo sapiens,Human,Human (Homo sapiens)
GSE179973,Mus musculus,Mus musculus,Mouse,Mouse (Mus musculus)
GSE175815,Homo sapiens,Homo sapiens,Human,Human (Homo sapiens)
GSE154701,Rattus norvegicus,Rattus norvegicus,Rat,Rat (Rattus norvegicus)
GSE171768,Homo sapiens,Homo sapiens,Human,Human (Homo sapiens)
GSE152903,Mus musculus,Mus musculus,Mouse,Mouse (Mus musculus)
GSE178535,Homo sapiens,Homo sapiens,Human,Human (Homo sapiens)
GSE151905,Mus musculus,Mus musculus,Mouse,Mouse (Mus musculus)
GSE178048,Homo sapiens,Homo sapiens,Human,Human (Homo sapiens)
GSE177910,Homo sapiens,Homo sapiens,Human,Human (Homo sapiens)
GSE177790,Homo sapiens,Homo sapiens,Human,Human (Homo sapiens)
GSE177675,Homo sapiens,Homo sapiens,Human,Human (Homo sapiens)
GSE177399,Homo sapiens,Homo sapiens,Human,Human (Homo sapiens)
GSE177377,Homo sapiens,Homo sapiens,Human,Human (Homo sapiens)
GSE177330,Homo sapiens,Homo sapiens,Human,Human (Homo sapiens)
GSE177198,Homo sapiens,Homo sapiens,Human,Human (Homo sapiens)
GSE177110,Homo sapiens,Homo sapiens,Human,Human (Homo sapiens)
GSE177000,Homo sapiens,Homo sapiens,Human,Human (Homo sapiens)
GSE176851,Homo sapiens,Homo sapiens,Human,Human (Homo sapiens)
GSE177049,Homo sapiens,Homo sapiens,Human,Human (Homo sapiens)
GSE164408,Mus musculus,Mus musculus,Mouse,Mouse (Mus musculus)
GSE148909,Bos taurus,Bos taurus,Cow,Cow (Bos taurus)
GSE164449,Homo sapiens,Homo sapiens,Human,Human (Homo sapiens)
GSE154540,Homo sapiens,Homo sapiens,Human,Human (Homo sapiens)
GSE169358,taxid:10141,Cavia porcellus,Domestic Guinea Pig,Domestic Guinea Pig (Cavia porcellus)
GSE164178,Homo sapiens,Homo sapiens,Human,Human (Homo sapiens)
GSE149640,Homo sapiens,Homo sapiens,Human,Human (Homo sapiens)
GSE159101,Homo sapiens,Homo sapiens,Human,Human (Homo sapiens)
GSE173193,Homo sapiens,Homo sapiens,Human,Human (Homo sapiens)
GSE173478,Mus musculus,Mus musculus,Mouse,Mouse (Mus musculus)
GSE168571,Sus scrofa,Sus scrofa,Wild boar,Wild boar (Sus scrofa)
GSE138734,Homo sapiens,Homo sapiens,Human,Human (Homo sapiens)
GSE171995,Homo sapiens,Homo sapiens,Human,Human (Homo sapiens)
GSE171211,Mus musculus,Mus musculus,Mouse,Mouse (Mus musculus)
GSE171209,Mus musculus,Mus musculus,Mouse,Mouse (Mus musculus)
GSE167925,Homo sapiens,Homo sapiens,Human,Human (Homo sapiens)
GSE144994,Homo sapiens,Homo sapiens,Human,Human (Homo sapiens)
GSE171439,Homo sapiens,Homo sapiens,Human,Human (Homo sapiens)
GSE171381,Homo sapiens,Homo sapiens,Human,Human (Homo sapiens)
GSE170978,Homo sapiens,Homo sapiens,Human,Human (Homo sapiens)
GSE170970,Homo sapiens,Homo sapiens,Human,Human (Homo sapiens)
GSE170943,Homo sapiens,Homo sapiens,Human,Human (Homo sapiens)
GSE170767,Homo sapiens,Homo sapiens,Human,Human (Homo sapiens)
GSE170752,Homo sapiens,Homo sapiens,Human,Human (Homo sapiens)
GSE170640,Homo sapiens,Homo sapiens,Human,Human (Homo sapiens)
GSE170631,Homo sapiens,Homo sapiens,Human,Human (Homo sapiens)
GSE170625,Homo sapiens,Homo sapiens,Human,Human (Homo sapiens)
GSE170432,Homo sapiens,Homo sapiens,Human,Human (Homo sapiens)
GSE170385,Homo sapiens,Homo sapiens,Human,Human (Homo sapiens)
GSE170355,Homo sapiens,Homo sapiens,Human,Human (Homo sapiens)
GSE170238,Homo sapiens,Homo sapiens,Human,Human (Homo sapiens)
GSE170099,Homo sapiens,Homo sapiens,Human,Human (Homo sapiens)
GSE169791,Homo sapiens,Homo sapiens,Human,Human (Homo sapiens)
GSE153964,Mus musculus,Mus musculus,Mouse,Mouse (Mus musculus)
GSE112168,Homo sapiens,Homo sapiens,Human,Human (Homo sapiens)
GSE154489,Homo sapiens,Homo sapiens,Human,Human (Homo sapiens)
GSE154339,Homo sapiens,Homo sapiens,Human,Human (Homo sapiens)
GSE163023,Homo sapiens,Homo sapiens,Human,Human (Homo sapiens)
GSE167885,Homo sapiens,Homo sapiens,Human,Human (Homo sapiens)
GSE154350,Homo sapiens,Homo sapiens,Human,Human (Homo sapiens)
GSE154350,Rattus norvegicus,Rattus norvegicus,Rat,Rat (Rattus norvegicus)
GSE167431,Homo sapiens,Homo sapiens,Human,Human (Homo sapiens)
GSE167429,Homo sapiens,Homo sapiens,Human,Human (Homo sapiens)
GSE167412,Homo sapiens,Homo sapiens,Human,Human (Homo sapiens)
GSE167411,Homo sapiens,Homo sapiens,Human,Human (Homo sapiens)
GSE167089,Homo sapiens,Homo sapiens,Human,Human (Homo sapiens)
GSE163651,Homo sapiens,Homo sapiens,Human,Human (Homo sapiens)
GSE137295,Homo sapiens,Homo sapiens,Human,Human (Homo sapiens)
GSE153221,Homo sapiens,Homo sapiens,Human,Human (Homo sapiens)
GSE153220,Homo sapiens,Homo sapiens,Human,Human (Homo sapiens)
GSE165511,Homo sapiens,Homo sapiens,Human,Human (Homo sapiens)
GSE144129,Homo sapiens,Homo sapiens,Human,Human (Homo sapiens)
GSE110244,Homo sapiens,Homo sapiens,Human,Human (Homo sapiens)
GSE155263,Homo sapiens,Homo sapiens,Human,Human (Homo sapiens)
GSE154516,Mus musculus,Mus musculus,Mouse,Mouse (Mus musculus)
GSE150629,Mus musculus,Mus musculus,Mouse,Mouse (Mus musculus)
GSE130574,Rattus norvegicus,Rattus norvegicus,Rat,Rat (Rattus norvegicus)
GSE130573,Rattus norvegicus,Rattus norvegicus,Rat,Rat (Rattus norvegicus)
GSE145957,Homo sapiens,Homo sapiens,Human,Human (Homo sapiens)
GSE151728,Mus musculus,Mus musculus,Mouse,Mouse (Mus musculus)
GSE161051,Mus musculus domesticus,Mus musculus,Mouse,Mouse (Mus musculus)
GSE161051,taxid:10096,Mus spretus,Western Wild Mouse,Western Wild Mouse (Mus spretus)
GSE160888,Homo sapiens,Homo sapiens,Human,Human (Homo sapiens)
GSE154092,Mus musculus,Mus musculus,Mouse,Mouse (Mus musculus)
GSE152248,Mus musculus,Mus musculus,Mouse,Mouse (Mus musculus)
GSE156793,Homo sapiens,Homo sapiens,Human,Human (Homo sapiens)
GSE149683,Homo sapiens,Homo sapiens,Human,Human (Homo sapiens)
GSE144530,Homo sapiens,Homo sapiens,Human,Human (Homo sapiens)
GSE160076,Homo sapiens,Homo sapiens,Human,Human (Homo sapiens)
GSE97666,Mus musculus,Mus musculus,Mouse,Mouse (Mus musculus)
GSE148964,Homo sapiens,Homo sapiens,Human,Human (Homo sapiens)
GSE147023,Mus musculus,Mus musculus,Mouse,Mouse (Mus musculus)
GSE151650,Homo sapiens,Homo sapiens,Human,Human (Homo sapiens)
GSE157667,Mus musculus,Mus musculus,Mouse,Mouse (Mus musculus)
GSE152172,Mus musculus,Mus musculus,Mouse,Mouse (Mus musculus)
GSE157132,Mus musculus,Mus musculus,Mouse,Mouse (Mus musculus)
GSE156979,Mus musculus,Mus musculus,Mouse,Mouse (Mus musculus)
GSE148496,Mus musculus,Mus musculus,Mouse,Mouse (Mus musculus)
GSE148250,Mus musculus,Mus musculus,Mouse,Mouse (Mus musculus)
GSE156766,Homo sapiens,Homo sapiens,Human,Human (Homo sapiens)
GSE143966,Homo sapiens,Homo sapiens,Human,Human (Homo sapiens)
GSE143953,Homo sapiens,Homo sapiens,Human,Human (Homo sapiens)
GSE131875,Homo sapiens,Homo sapiens,Human,Human (Homo sapiens)
GSE131874,Homo sapiens,Homo sapiens,Human,Human (Homo sapiens)
GSE131696,Homo sapiens,Homo sapiens,Human,Human (Homo sapiens)
GSE154274,Homo sapiens,Homo sapiens,Human,Human (Homo sapiens)
GSE154274,Rattus norvegicus,Rattus norvegicus,Rat,Rat (Rattus norvegicus)
GSE138687,Mus musculus,Mus musculus,Mouse,Mouse (Mus musculus)
GSE154829,Homo sapiens,Homo sapiens,Human,Human (Homo sapiens)
GSE154026,Mus musculus,Mus musculus,Mouse,Mouse (Mus musculus)
GSE144276,Rattus norvegicus,Rattus norvegicus,Rat,Rat (Rattus norvegicus)
GSE153606,Homo sapiens,Homo sapiens,Human,Human (Homo sapiens)
GSE125434,Mus musculus,Mus musculus,Mouse,Mouse (Mus musculus)
GSE125351,Mus musculus,Mus musculus,Mouse,Mouse (Mus musculus)
GSE125278,Mus musculus,Mus musculus,Mouse,Mouse (Mus musculus)
GSE139180,Homo sapiens,Homo sapiens,Human,Human (Homo sapiens)
GSE152905,Oryctolagus cuniculus,Oryctolagus cuniculus,Rabbit,Rabbit (Oryctolagus cuniculus)
GSE152104,Homo sapiens,Homo sapiens,Human,Human (Homo sapiens)
GSE150168,Homo sapiens,Homo sapiens,Human,Human (Homo sapiens)
GSE151287,Homo sapiens,Homo sapiens,Human,Human (Homo sapiens)
GSE131945,Homo sapiens,Homo sapiens,Human,Human (Homo sapiens)
GSE132353,Mus musculus,Mus musculus,Mouse,Mouse (Mus musculus)
GSE145357,Mus musculus,Mus musculus,Mouse,Mouse (Mus musculus)
GSE147776,Homo sapiens,Homo sapiens,Human,Human (Homo sapiens)
GSE145036,Homo sapiens,Homo sapiens,Human,Human (Homo sapiens)
GSE143860,Homo sapiens,Homo sapiens,Human,Human (Homo sapiens)
GSE143858,Homo sapiens,Homo sapiens,Human,Human (Homo sapiens)
GSE150316,Homo sapiens,Homo sapiens,Human,Human (Homo sapiens)
GSE141613,Mus musculus,Mus musculus,Mouse,Mouse (Mus musculus)
GSE141612,Mus musculus,Mus musculus,Mouse,Mouse (Mus musculus)
GSE141611,Mus musculus,Mus musculus,Mouse,Mouse (Mus musculus)
GSE140870,Homo sapiens,Homo sapiens,Human,Human (Homo sapiens)
GSE147087,Bos taurus,Bos taurus,Cow,Cow (Bos taurus)
GSE139049,Mus musculus,Mus musculus,Mouse,Mouse (Mus musculus)
GSE148241,Homo sapiens,Homo sapiens,Human,Human (Homo sapiens)
GSE145638,Mus musculus,Mus musculus,Mouse,Mouse (Mus musculus)
GSE148266,Rattus norvegicus,Rattus norvegicus,Rat,Rat (Rattus norvegicus)
GSE131795,taxid:9541,Macaca fascicularis,Crab-Eating Macaque,Crab-Eating Macaque (Macaca fascicularis)
GSE140013,Mus musculus,Mus musculus,Mouse,Mouse (Mus musculus)
GSE147721,Homo sapiens,Homo sapiens,Human,Human (Homo sapiens)
GSE137880,Homo sapiens,Homo sapiens,Human,Human (Homo sapiens)
GSE137879,Homo sapiens,Homo sapiens,Human,Human (Homo sapiens)
GSE146980,Homo sapiens,Homo sapiens,Human,Human (Homo sapiens)
GSE146434,Mus musculus,Mus musculus,Mouse,Mouse (Mus musculus)
GSE146433,Mus musculus,Mus musculus,Mouse,Mouse (Mus musculus)
GSE138375,Mus musculus,Mus musculus,Mouse,Mouse (Mus musculus)
GSE129940,Mus musculus,Mus musculus,Mouse,Mouse (Mus musculus)
GSE129939,Mus musculus,Mus musculus,Mouse,Mouse (Mus musculus)
GSE129541,Mus musculus,Mus musculus,Mouse,Mouse (Mus musculus)
GSE145918,Macaca mulatta,Macaca mulatta,Rhesus macaque,Rhesus macaque (Macaca mulatta)
GSE95610,Mus musculus,Mus musculus,Mouse,Mouse (Mus musculus)
GSE126552,Homo sapiens,Homo sapiens,Human,Human (Homo sapiens)
GSE145051,Homo sapiens,Homo sapiens,Human,Human (Homo sapiens)
GSE145051,Mus musculus,Mus musculus,Mouse,Mouse (Mus musculus)
GSE144977,Homo sapiens,Homo sapiens,Human,Human (Homo sapiens)
GSE124358,Homo sapiens,Homo sapiens,Human,Human (Homo sapiens)
GSE139191,Mus musculus,Mus musculus,Mouse,Mouse (Mus musculus)
GSE129555,Homo sapiens,Homo sapiens,Human,Human (Homo sapiens)
GSE141322,Mus musculus,Mus musculus,Mouse,Mouse (Mus musculus)
GSE143200,taxid:9483,Callithrix jacchus,White-Tufted-Ear Marmoset,White-Tufted-Ear Marmoset (Callithrix jacchus)
GSE126469,Mus musculus domesticus,Mus musculus,Mouse,Mouse (Mus musculus)
GSE126469,taxid:10096,Mus spretus,Western Wild Mouse,Western Wild Mouse (Mus spretus)
GSE122474,Bos taurus,Bos taurus,Cow,Cow (Bos taurus)
GSE122389,Homo sapiens,Homo sapiens,Human,Human (Homo sapiens)
GSE118442,Homo sapiens,Homo sapiens,Human,Human (Homo sapiens)
GSE141298,Homo sapiens,Homo sapiens,Human,Human (Homo sapiens)
GSE134240,Mus musculus,Mus musculus,Mouse,Mouse (Mus musculus)
GSE141131,Mus musculus,Mus musculus,Mouse,Mouse (Mus musculus)
GSE130339,Homo sapiens,Homo sapiens,Human,Human (Homo sapiens)
GSE125460,Homo sapiens,Homo sapiens,Human,Human (Homo sapiens)
GSE138864,Homo sapiens,Homo sapiens,Human,Human (Homo sapiens)
GSE127554,Mus musculus,Mus musculus,Mouse,Mouse (Mus musculus)
GSE132421,Homo sapiens,Homo sapiens,Human,Human (Homo sapiens)
GSE89784,Mus musculus,Mus musculus,Mouse,Mouse (Mus musculus)
GSE138250,Homo sapiens,Homo sapiens,Human,Human (Homo sapiens)
GSE131729,Mus musculus,Mus musculus,Mouse,Mouse (Mus musculus)
GSE139181,Homo sapiens,Homo sapiens,Human,Human (Homo sapiens)
GSE134991,Mus musculus,Mus musculus,Mouse,Mouse (Mus musculus)
GSE109251,Mus musculus,Mus musculus,Mouse,Mouse (Mus musculus)
GSE109250,Mus musculus,Mus musculus,Mouse,Mouse (Mus musculus)
GSE109249,Mus musculus,Mus musculus,Mouse,Mouse (Mus musculus)
GSE130289,Homo sapiens,Homo sapiens,Human,Human (Homo sapiens)
GSE109252,Mus musculus,Mus musculus,Mouse,Mouse (Mus musculus)
GSE100285,Mus musculus,Mus musculus,Mouse,Mouse (Mus musculus)
GSE104696,Mus musculus,Mus musculus,Mouse,Mouse (Mus musculus)
GSE104695,Mus musculus,Mus musculus,Mouse,Mouse (Mus musculus)
GSE104694,Mus musculus,Mus musculus,Mouse,Mouse (Mus musculus)
GSE137918,Mus musculus,Mus musculus,Mouse,Mouse (Mus musculus)
GSE136048,Homo sapiens,Homo sapiens,Human,Human (Homo sapiens)
GSE130856,Homo sapiens,Homo sapiens,Human,Human (Homo sapiens)
GSE110950,Mus musculus,Mus musculus,Mouse,Mouse (Mus musculus)
GSE110414,Sus scrofa,Sus scrofa,Wild boar,Wild boar (Sus scrofa)
GSE124216,Mus musculus,Mus musculus,Mouse,Mouse (Mus musculus)
GSE124215,Mus musculus,Mus musculus,Mouse,Mouse (Mus musculus)
GSE132254,Mus musculus,Mus musculus,Mouse,Mouse (Mus musculus)
GSE126844,Homo sapiens,Homo sapiens,Human,Human (Homo sapiens)
GSE137242,Mus musculus,Mus musculus,Mouse,Mouse (Mus musculus)
GSE129272,Homo sapiens,Homo sapiens,Human,Human (Homo sapiens)
GSE130102,Rattus norvegicus,Rattus norvegicus,Rat,Rat (Rattus norvegicus)
GSE114679,Homo sapiens,Homo sapiens,Human,Human (Homo sapiens)
GSE114677,Homo sapiens,Homo sapiens,Human,Human (Homo sapiens)
GSE136212,Mus musculus,Mus musculus,Mouse,Mouse (Mus musculus)
GSE86032,Homo sapiens,Homo sapiens,Human,Human (Homo sapiens)
GSE125386,Homo sapiens,Homo sapiens,Human,Human (Homo sapiens)
GSE117880,Mus musculus,Mus musculus,Mouse,Mouse (Mus musculus)
GSE115087,Mus musculus,Mus musculus,Mouse,Mouse (Mus musculus)
GSE133396,Homo sapiens,Homo sapiens,Human,Human (Homo sapiens)
GSE127288,Homo sapiens,Homo sapiens,Human,Human (Homo sapiens)
GSE86189,Homo sapiens,Homo sapiens,Human,Human (Homo sapiens)
GSE126046,Mus musculus,Mus musculus,Mouse,Mouse (Mus musculus)
GSE134461,Sus scrofa,Sus scrofa,Wild boar,Wild boar (Sus scrofa)
GSE109538,Homo sapiens,Homo sapiens,Human,Human (Homo sapiens)
GSE128513,Mus musculus,Mus musculus,Mouse,Mouse (Mus musculus)
GSE125605,Homo sapiens,Homo sapiens,Human,Human (Homo sapiens)
GSE114691,Homo sapiens,Homo sapiens,Human,Human (Homo sapiens)
GSE114349,Homo sapiens,Homo sapiens,Human,Human (Homo sapiens)
GSE129496,Mus musculus,Mus musculus,Mouse,Mouse (Mus musculus)
GSE118402,Mus musculus,Mus musculus,Mouse,Mouse (Mus musculus)
GSE118401,Mus musculus,Mus musculus,Mouse,Mouse (Mus musculus)
GSE118399,Mus musculus,Mus musculus,Mouse,Mouse (Mus musculus)
GSE118413,Homo sapiens,Homo sapiens,Human,Human (Homo sapiens)
GSE114552,Homo sapiens,Homo sapiens,Human,Human (Homo sapiens)
GSE125301,Mus musculus,Mus musculus,Mouse,Mouse (Mus musculus)
GSE126031,taxid:9615,Canis lupus,Wolf,Wolf (Canis lupus)
GSE36463,Mus musculus,Mus musculus,Mouse,Mouse (Mus musculus)
GSE81637,Homo sapiens,Homo sapiens,Human,Human (Homo sapiens)
GSE123143,Mus musculus,Mus musculus,Mouse,Mouse (Mus musculus)
GSE124927,Mus musculus,Mus musculus,Mouse,Mouse (Mus musculus)
GSE98124,Mus musculus,Mus musculus,Mouse,Mouse (Mus musculus)
GSE122216,Mus musculus,Mus musculus,Mouse,Mouse (Mus musculus)
GSE122215,Mus musculus,Mus musculus,Mouse,Mouse (Mus musculus)
GSE122217,Mus musculus,Mus musculus,Mouse,Mouse (Mus musculus)
GSE128381,Homo sapiens,Homo sapiens,Human,Human (Homo sapiens)
GSE103035,Homo sapiens,Homo sapiens,Human,Human (Homo sapiens)
GSE120599,Mus musculus,Mus musculus,Mouse,Mouse (Mus musculus)
GSE114150,Homo sapiens,Homo sapiens,Human,Human (Homo sapiens)
GSE111052,Homo sapiens,Homo sapiens,Human,Human (Homo sapiens)
GSE112755,Mus musculus,Mus musculus,Mouse,Mouse (Mus musculus)
GSE110786,Homo sapiens,Homo sapiens,Human,Human (Homo sapiens)
GSE121056,Homo sapiens,Homo sapiens,Human,Human (Homo sapiens)
GSE120981,Homo sapiens,Homo sapiens,Human,Human (Homo sapiens)
GSE126069,Mus musculus,Mus musculus,Mouse,Mouse (Mus musculus)
GSE90646,Homo sapiens,Homo sapiens,Human,Human (Homo sapiens)
GSE124832,Homo sapiens,Homo sapiens,Human,Human (Homo sapiens)
GSE124995,Mus musculus,Mus musculus,Mouse,Mouse (Mus musculus)
GSE111570,Homo sapiens,Homo sapiens,Human,Human (Homo sapiens)
GSE109120,Homo sapiens,Homo sapiens,Human,Human (Homo sapiens)
GSE93353,Homo sapiens,Homo sapiens,Human,Human (Homo sapiens)
GSE66273,Homo sapiens,Homo sapiens,Human,Human (Homo sapiens)
GSE124282,Homo sapiens,Homo sapiens,Human,Human (Homo sapiens)
GSE119710,Mus musculus,Mus musculus,Mouse,Mouse (Mus musculus)
GSE124080,Homo sapiens,Homo sapiens,Human,Human (Homo sapiens)
GSE114146,Mus musculus,Mus musculus,Mouse,Mouse (Mus musculus)
GSE114145,Mus musculus,Mus musculus,Mouse,Mouse (Mus musculus)
GSE114144,Mus musculus,Mus musculus,Mouse,Mouse (Mus musculus)
GSE123188,Mus musculus,Mus musculus,Mouse,Mouse (Mus musculus)
GSE108279,taxid:9796,Equus caballus,Horse,Horse (Equus caballus)
GSE122418,Bos taurus,Bos taurus,Cow,Cow (Bos taurus)
GSE122214,Homo sapiens,Homo sapiens,Human,Human (Homo sapiens)
GSE115508,Homo sapiens,Homo sapiens,Human,Human (Homo sapiens)
GSE117469,Homo sapiens,Homo sapiens,Human,Human (Homo sapiens)
GSE121799,Mus musculus,Mus musculus,Mouse,Mouse (Mus musculus)
GSE114296,Homo sapiens,Homo sapiens,Human,Human (Homo sapiens)
GSE100415,Homo sapiens,Homo sapiens,Human,Human (Homo sapiens)
GSE89323,Homo sapiens,Homo sapiens,Human,Human (Homo sapiens)
GSE120250,Homo sapiens,Homo sapiens,Human,Human (Homo sapiens)
GSE118351,Homo sapiens,Homo sapiens,Human,Human (Homo sapiens)
GSE115055,Mus musculus,Mus musculus,Mouse,Mouse (Mus musculus)
GSE120458,Homo sapiens,Homo sapiens,Human,Human (Homo sapiens)
GSE120062,Homo sapiens,Homo sapiens,Human,Human (Homo sapiens)
GSE104896,Homo sapiens,Homo sapiens,Human,Human (Homo sapiens)
GSE118510,Bos taurus,Bos taurus,Cow,Cow (Bos taurus)
GSE118289,Homo sapiens,Homo sapiens,Human,Human (Homo sapiens)
GSE118286,Homo sapiens,Homo sapiens,Human,Human (Homo sapiens)
GSE118285,Homo sapiens,Homo sapiens,Human,Human (Homo sapiens)
GSE118284,Macaca mulatta,Macaca mulatta,Rhesus macaque,Rhesus macaque (Macaca mulatta)
GSE118283,Mus musculus,Mus musculus,Mouse,Mouse (Mus musculus)
GSE109976,Homo sapiens,Homo sapiens,Human,Human (Homo sapiens)
GSE106099,Homo sapiens,Homo sapiens,Human,Human (Homo sapiens)
GSE103552,Homo sapiens,Homo sapiens,Human,Human (Homo sapiens)
GSE89497,Homo sapiens,Homo sapiens,Human,Human (Homo sapiens)
GSE113790,Homo sapiens,Homo sapiens,Human,Human (Homo sapiens)
GSE113600,Homo sapiens,Homo sapiens,Human,Human (Homo sapiens)
GSE111080,Mus musculus,Mus musculus,Mouse,Mouse (Mus musculus)
GSE108511,Homo sapiens,Homo sapiens,Human,Human (Homo sapiens)
GSE114939,Mus musculus,Mus musculus,Mouse,Mouse (Mus musculus)
GSE100636,Homo sapiens,Homo sapiens,Human,Human (Homo sapiens)
GSE100197,Homo sapiens,Homo sapiens,Human,Human (Homo sapiens)
GSE109322,Homo sapiens,Homo sapiens,Human,Human (Homo sapiens)
GSE111948,Mus musculus,Mus musculus,Mouse,Mouse (Mus musculus)
GSE113155,Homo sapiens,Homo sapiens,Human,Human (Homo sapiens)
GSE98149,Mus musculus,Mus musculus,Mouse,Mouse (Mus musculus)
GSE97778,Mus musculus,Mus musculus,Mouse,Mouse (Mus musculus)
GSE111296,Mus musculus,Mus musculus,Mouse,Mouse (Mus musculus)
GSE111295,Mus musculus,Mus musculus,Mouse,Mouse (Mus musculus)
GSE111294,Mus musculus,Mus musculus,Mouse,Mouse (Mus musculus)
GSE67615,Homo sapiens,Homo sapiens,Human,Human (Homo sapiens)
GSE98146,Homo sapiens,Homo sapiens,Human,Human (Homo sapiens)
GSE79879,Homo sapiens,Homo sapiens,Human,Human (Homo sapiens)
GSE110597,Mus musculus,Mus musculus,Mouse,Mouse (Mus musculus)
GSE112163,Mus musculus,Mus musculus,Mouse,Mouse (Mus musculus)
GSE106852,Homo sapiens,Homo sapiens,Human,Human (Homo sapiens)
GSE98224,Homo sapiens,Homo sapiens,Human,Human (Homo sapiens)
GSE103033,Macaca mulatta,Macaca mulatta,Rhesus macaque,Rhesus macaque (Macaca mulatta)
GSE106883,Rattus norvegicus,Rattus norvegicus,Rat,Rat (Rattus norvegicus)
GSE96985,Homo sapiens,Homo sapiens,Human,Human (Homo sapiens)
GSE96984,Homo sapiens,Homo sapiens,Human,Human (Homo sapiens)
GSE96983,Homo sapiens,Homo sapiens,Human,Human (Homo sapiens)
GSE109510,Mus musculus,Mus musculus,Mouse,Mouse (Mus musculus)
GSE107376,Homo sapiens,Homo sapiens,Human,Human (Homo sapiens)
GSE100053,Homo sapiens,Homo sapiens,Human,Human (Homo sapiens)
GSE100053,Mus musculus,Mus musculus,Mouse,Mouse (Mus musculus)
GSE100052,Mus musculus,Mus musculus,Mouse,Mouse (Mus musculus)
GSE100051,Homo sapiens,Homo sapiens,Human,Human (Homo sapiens)
GSE97112,Mus musculus,Mus musculus,Mouse,Mouse (Mus musculus)
GSE109082,Homo sapiens,Homo sapiens,Human,Human (Homo sapiens)
GSE97217,Homo sapiens,Homo sapiens,Human,Human (Homo sapiens)
GSE104350,Homo sapiens,Homo sapiens,Human,Human (Homo sapiens)
GSE104349,Homo sapiens,Homo sapiens,Human,Human (Homo sapiens)
GSE104349,Mus musculus,Mus musculus,Mouse,Mouse (Mus musculus)
GSE104348,Homo sapiens,Homo sapiens,Human,Human (Homo sapiens)
GSE98423,Mus musculus,Mus musculus,Mouse,Mouse (Mus musculus)
GSE90613,Macaca mulatta,Macaca mulatta,Rhesus macaque,Rhesus macaque (Macaca mulatta)
GSE85926,Homo sapiens,Homo sapiens,Human,Human (Homo sapiens)
GSE93520,Homo sapiens,Homo sapiens,Human,Human (Homo sapiens)
GSE106089,Homo sapiens,Homo sapiens,Human,Human (Homo sapiens)
GSE105456,Mus musculus,Mus musculus,Mouse,Mouse (Mus musculus)
GSE105455,Mus musculus,Mus musculus,Mouse,Mouse (Mus musculus)
GSE105444,Mus musculus,Mus musculus,Mouse,Mouse (Mus musculus)
GSE105258,Homo sapiens,Homo sapiens,Human,Human (Homo sapiens)
GSE105081,Homo sapiens,Homo sapiens,Human,Human (Homo sapiens)
GSE104224,Homo sapiens,Homo sapiens,Human,Human (Homo sapiens)
GSE103413,Homo sapiens,Homo sapiens,Human,Human (Homo sapiens)
GSE94724,Homo sapiens,Homo sapiens,Human,Human (Homo sapiens)
GSE98901,Mus musculus,Mus musculus,Mouse,Mouse (Mus musculus)
GSE93429,Homo sapiens,Homo sapiens,Human,Human (Homo sapiens)
GSE103542,Homo sapiens,Homo sapiens,Human,Human (Homo sapiens)
GSE103253,Homo sapiens,Homo sapiens,Human,Human (Homo sapiens)
GSE86885,Homo sapiens,Homo sapiens,Human,Human (Homo sapiens)
GSE98752,Homo sapiens,Homo sapiens,Human,Human (Homo sapiens)
GSE95497,Homo sapiens,Homo sapiens,Human,Human (Homo sapiens)
GSE100242,Homo sapiens,Homo sapiens,Human,Human (Homo sapiens)
GSE94694,Mus musculus,Mus musculus,Mouse,Mouse (Mus musculus)
GSE74408,Mus musculus,Mus musculus,Mouse,Mouse (Mus musculus)
GSE86410,Rattus norvegicus,Rattus norvegicus,Rat,Rat (Rattus norvegicus)
GSE86346,Rattus norvegicus,Rattus norvegicus,Rat,Rat (Rattus norvegicus)
GSE75957,Mus musculus,Mus musculus,Mouse,Mouse (Mus musculus)
GSE85270,Homo sapiens,Homo sapiens,Human,Human (Homo sapiens)
GSE94794,Bos taurus,Bos taurus,Cow,Cow (Bos taurus)
GSE76641,Homo sapiens,Homo sapiens,Human,Human (Homo sapiens)
GSE76639,Homo sapiens,Homo sapiens,Human,Human (Homo sapiens)
GSE93031,Mus musculus,Mus musculus,Mouse,Mouse (Mus musculus)
GSE82199,Homo sapiens,Homo sapiens,Human,Human (Homo sapiens)
GSE82199,Mus musculus,Mus musculus,Mouse,Mouse (Mus musculus)
GSE93020,Homo sapiens,Homo sapiens,Human,Human (Homo sapiens)
GSE85995,Homo sapiens,Homo sapiens,Human,Human (Homo sapiens)
GSE78782,Mus musculus,Mus musculus,Mouse,Mouse (Mus musculus)
GSE78264,Mus musculus,Mus musculus,Mouse,Mouse (Mus musculus)
GSE74446,Homo sapiens,Homo sapiens,Human,Human (Homo sapiens)
GSE98938,Homo sapiens,Homo sapiens,Human,Human (Homo sapiens)
GSE79121,Dasypus novemcinctus,Dasypus novemcinctus,Armadillo,Armadillo (Dasypus novemcinctus)
GSE79121,Bos taurus,Bos taurus,Cow,Cow (Bos taurus)
GSE79121,Mus musculus,Mus musculus,Mouse,Mouse (Mus musculus)
GSE79121,taxid:9508,Ateles fusciceps,Brown-Headed Spider Monkey,Brown-Headed Spider Monkey (Ateles fusciceps)
GSE79121,taxid:9597,Pan paniscus,Pygmy Chimpanzee,Pygmy Chimpanzee (Pan paniscus)
GSE79121,taxid:9615,Canis lupus,Wolf,Wolf (Canis lupus)
GSE79121,taxid:9785,Loxodonta africana,African Savanna Elephant,African Savanna Elephant (Loxodonta africana)
GSE79121,taxid:13616,Monodelphis domestica,Gray Short-Tailed Opossum,Gray Short-Tailed Opossum (Monodelphis domestica)
GSE69769,Homo sapiens,Homo sapiens,Human,Human (Homo sapiens)
GSE97898,Homo sapiens,Homo sapiens,Human,Human (Homo sapiens)
GSE84350,Mus musculus domesticus,Mus musculus,Mouse,Mouse (Mus musculus)
GSE84350,taxid:10096,Mus spretus,Western Wild Mouse,Western Wild Mouse (Mus spretus)
GSE84350,taxid:39442,Mus musculus,Mouse,Mouse (Mus musculus)
GSE83281,Homo sapiens,Homo sapiens,Human,Human (Homo sapiens)
GSE97395,Homo sapiens,Homo sapiens,Human,Human (Homo sapiens)
GSE97294,Homo sapiens,Homo sapiens,Human,Human (Homo sapiens)
GSE86171,Homo sapiens,Homo sapiens,Human,Human (Homo sapiens)
GSE92426,Mus musculus,Mus musculus,Mouse,Mouse (Mus musculus)
GSE92425,Mus musculus,Mus musculus,Mouse,Mouse (Mus musculus)
GSE92394,Mus musculus,Mus musculus,Mouse,Mouse (Mus musculus)
GSE95687,Mus musculus,Mus musculus,Mouse,Mouse (Mus musculus)
GSE88873,Homo sapiens,Homo sapiens,Human,Human (Homo sapiens)
GSE79599,Mus musculus,Mus musculus,Mouse,Mouse (Mus musculus)
GSE75454,Mus musculus,Mus musculus,Mouse,Mouse (Mus musculus)
GSE26718,Mus musculus,Mus musculus,Mouse,Mouse (Mus musculus)
GSE81940,Mus musculus,Mus musculus,Mouse,Mouse (Mus musculus)
GSE85045,Homo sapiens,Homo sapiens,Human,Human (Homo sapiens)
GSE85045,Mus musculus,Mus musculus,Mouse,Mouse (Mus musculus)
GSE85040,Mus musculus,Mus musculus,Mouse,Mouse (Mus musculus)
GSE80237,Homo sapiens,Homo sapiens,Human,Human (Homo sapiens)
GSE70446,Mus musculus,Mus musculus,Mouse,Mouse (Mus musculus)
GSE94644,Homo sapiens,Homo sapiens,Human,Human (Homo sapiens)
GSE94643,Homo sapiens,Homo sapiens,Human,Human (Homo sapiens)
GSE93462,Mus musculus,Mus musculus,Mouse,Mouse (Mus musculus)
GSE87302,Mus musculus,Mus musculus,Mouse,Mouse (Mus musculus)
GSE82055,Mus musculus,Mus musculus,Mouse,Mouse (Mus musculus)
GSE82054,Mus musculus,Mus musculus,Mouse,Mouse (Mus musculus)
GSE82053,Mus musculus,Mus musculus,Mouse,Mouse (Mus musculus)
GSE80996,Homo sapiens,Homo sapiens,Human,Human (Homo sapiens)
GSE80995,Homo sapiens,Homo sapiens,Human,Human (Homo sapiens)
GSE87726,Homo sapiens,Homo sapiens,Human,Human (Homo sapiens)
GSE87725,Homo sapiens,Homo sapiens,Human,Human (Homo sapiens)
GSE87720,Homo sapiens,Homo sapiens,Human,Human (Homo sapiens)
GSE87708,Homo sapiens,Homo sapiens,Human,Human (Homo sapiens)
GSE93839,Homo sapiens,Homo sapiens,Human,Human (Homo sapiens)
GSE93208,Homo sapiens,Homo sapiens,Human,Human (Homo sapiens)
GSE93174,Homo sapiens,Homo sapiens,Human,Human (Homo sapiens)
GSE76669,Mus musculus,Mus musculus,Mouse,Mouse (Mus musculus)
GSE69086,Homo sapiens,Homo sapiens,Human,Human (Homo sapiens)
GSE79333,Homo sapiens,Homo sapiens,Human,Human (Homo sapiens)
GSE53434,Macaca mulatta,Macaca mulatta,Rhesus macaque,Rhesus macaque (Macaca mulatta)
GSE91189,Homo sapiens,Homo sapiens,Human,Human (Homo sapiens)
GSE90433,Homo sapiens,Homo sapiens,Human,Human (Homo sapiens)
GSE90401,Homo sapiens,Homo sapiens,Human,Human (Homo sapiens)
GSE90367,Homo sapiens,Homo sapiens,Human,Human (Homo sapiens)
GSE90361,Homo sapiens,Homo sapiens,Human,Human (Homo sapiens)
GSE90346,Homo sapiens,Homo sapiens,Human,Human (Homo sapiens)
GSE90295,Homo sapiens,Homo sapiens,Human,Human (Homo sapiens)
GSE90203,Mus musculus,Mus musculus,Mouse,Mouse (Mus musculus)
GSE86820,Mus musculus,Mus musculus,Mouse,Mouse (Mus musculus)
GSE90149,Homo sapiens,Homo sapiens,Human,Human (Homo sapiens)
GSE85414,Mus musculus,Mus musculus,Mouse,Mouse (Mus musculus)
GSE72332,Homo sapiens,Homo sapiens,Human,Human (Homo sapiens)
GSE88892,Mus musculus,Mus musculus,Mouse,Mouse (Mus musculus)
GSE88891,Mus musculus,Mus musculus,Mouse,Mouse (Mus musculus)
GSE88865,Homo sapiens,Homo sapiens,Human,Human (Homo sapiens)
GSE88849,Mus musculus,Mus musculus,Mouse,Mouse (Mus musculus)
GSE81468,Mus musculus,Mus musculus,Mouse,Mouse (Mus musculus)
GSE75951,Mus musculus,Mus musculus,Mouse,Mouse (Mus musculus)
GSE71442,Mus musculus,Mus musculus,Mouse,Mouse (Mus musculus)
GSE87395,Macaca mulatta,Macaca mulatta,Rhesus macaque,Rhesus macaque (Macaca mulatta)
GSE87319,Homo sapiens,Homo sapiens,Human,Human (Homo sapiens)
GSE87134,Homo sapiens,Homo sapiens,Human,Human (Homo sapiens)
GSE73952,Mus musculus,Mus musculus,Mouse,Mouse (Mus musculus)
GSE74342,Mus musculus,Mus musculus,Mouse,Mouse (Mus musculus)
GSE85200,Mus musculus,Mus musculus,Mouse,Mouse (Mus musculus)
GSE77085,Homo sapiens,Homo sapiens,Human,Human (Homo sapiens)
GSE85996,Mus musculus,Mus musculus,Mouse,Mouse (Mus musculus)
GSE77389,Bos indicus,Bos indicus,Zebu,Zebu (Bos indicus)
GSE77389,taxid:30522,Bos indicus x Bos taurus,Hybrid Cattle,Hybrid Cattle (Bos indicus x Bos taurus)
GSE71931,Homo sapiens,Homo sapiens,Human,Human (Homo sapiens)
GSE49504,Homo sapiens,Homo sapiens,Human,Human (Homo sapiens)
GSE75748,Homo sapiens,Homo sapiens,Human,Human (Homo sapiens)
GSE84260,Homo sapiens,Homo sapiens,Human,Human (Homo sapiens)
GSE79638,Mus musculus,Mus musculus,Mouse,Mouse (Mus musculus)
GSE71719,Homo sapiens,Homo sapiens,Human,Human (Homo sapiens)
GSE71678,Homo sapiens,Homo sapiens,Human,Human (Homo sapiens)
GSE73685,Homo sapiens,Homo sapiens,Human,Human (Homo sapiens)
GSE58826,Homo sapiens,Homo sapiens,Human,Human (Homo sapiens)
GSE73714,Homo sapiens,Homo sapiens,Human,Human (Homo sapiens)
GSE73713,Homo sapiens,Homo sapiens,Human,Human (Homo sapiens)
GSE73712,Homo sapiens,Homo sapiens,Human,Human (Homo sapiens)
GSE76295,Homo sapiens,Homo sapiens,Human,Human (Homo sapiens)
GSE75248,Homo sapiens,Homo sapiens,Human,Human (Homo sapiens)
GSE76685,Homo sapiens,Homo sapiens,Human,Human (Homo sapiens)
GSE64865,Homo sapiens,Homo sapiens,Human,Human (Homo sapiens)
GSE75010,Homo sapiens,Homo sapiens,Human,Human (Homo sapiens)
GSE66139,Mus musculus,Mus musculus,Mouse,Mouse (Mus musculus)
GSE66137,Mus musculus,Mus musculus,Mouse,Mouse (Mus musculus)
GSE59988,Homo sapiens,Homo sapiens,Human,Human (Homo sapiens)
GSE79767,Mus musculus,Mus musculus,Mouse,Mouse (Mus musculus)
GSE75196,Homo sapiens,Homo sapiens,Human,Human (Homo sapiens)
GSE79940,Homo sapiens,Homo sapiens,Human,Human (Homo sapiens)
GSE79939,Homo sapiens,Homo sapiens,Human,Human (Homo sapiens)
GSE79938,Homo sapiens,Homo sapiens,Human,Human (Homo sapiens)
GSE73017,Homo sapiens,Homo sapiens,Human,Human (Homo sapiens)
GSE73016,Homo sapiens,Homo sapiens,Human,Human (Homo sapiens)
GSE79262,Homo sapiens,Homo sapiens,Human,Human (Homo sapiens)
GSE79254,Homo sapiens,Homo sapiens,Human,Human (Homo sapiens)
GSE79148,Homo sapiens,Homo sapiens,Human,Human (Homo sapiens)
GSE79144,Homo sapiens,Homo sapiens,Human,Human (Homo sapiens)
GSE78617,Homo sapiens,Homo sapiens,Human,Human (Homo sapiens)
GSE53443,Mus musculus,Mus musculus,Mouse,Mouse (Mus musculus)
GSE53442,Mus musculus,Mus musculus,Mouse,Mouse (Mus musculus)
GSE53375,Mus musculus,Mus musculus,Mouse,Mouse (Mus musculus)
GSE74410,Mus musculus,Mus musculus,Mouse,Mouse (Mus musculus)
GSE74406,Mus musculus,Mus musculus,Mouse,Mouse (Mus musculus)
GSE54574,Mus musculus,Mus musculus,Mouse,Mouse (Mus musculus)
GSE66247,Homo sapiens,Homo sapiens,Human,Human (Homo sapiens)
GSE70962,Mus musculus,Mus musculus,Mouse,Mouse (Mus musculus)
GSE69502,Homo sapiens,Homo sapiens,Human,Human (Homo sapiens)
GSE76862,Homo sapiens,Homo sapiens,Human,Human (Homo sapiens)
GSE43256,Homo sapiens,Homo sapiens,Human,Human (Homo sapiens)
GSE58220,Homo sapiens,Homo sapiens,Human,Human (Homo sapiens)
GSE51610,Mus musculus,Mus musculus,Mouse,Mouse (Mus musculus)
GSE73025,Homo sapiens,Homo sapiens,Human,Human (Homo sapiens)
GSE63999,Homo sapiens,Homo sapiens,Human,Human (Homo sapiens)
GSE76273,Homo sapiens,Homo sapiens,Human,Human (Homo sapiens)
GSE65358,Mus musculus,Mus musculus,Mouse,Mouse (Mus musculus)
GSE75626,Homo sapiens,Homo sapiens,Human,Human (Homo sapiens)
GSE65809,Mus musculus,Mus musculus,Mouse,Mouse (Mus musculus)
GSE65808,Mus musculus,Mus musculus,Mouse,Mouse (Mus musculus)
GSE65807,Mus musculus,Mus musculus,Mouse,Mouse (Mus musculus)
GSE65418,Homo sapiens,Homo sapiens,Human,Human (Homo sapiens)
GSE67037,Mus musculus,Mus musculus,Mouse,Mouse (Mus musculus)
GSE74341,Homo sapiens,Homo sapiens,Human,Human (Homo sapiens)
GSE74318,Mus musculus,Mus musculus,Mouse,Mouse (Mus musculus)
GSE74040,Homo sapiens,Homo sapiens,Human,Human (Homo sapiens)
GSE73964,Homo sapiens,Homo sapiens,Human,Human (Homo sapiens)
GSE73191,Homo sapiens,Homo sapiens,Human,Human (Homo sapiens)
GSE73190,Homo sapiens,Homo sapiens,Human,Human (Homo sapiens)
GSE72891,Homo sapiens,Homo sapiens,Human,Human (Homo sapiens)
GSE64684,Mus musculus,Mus musculus,Mouse,Mouse (Mus musculus)
GSE64339,Mus musculus,Mus musculus,Mouse,Mouse (Mus musculus)
GSE62996,Sus scrofa,Sus scrofa,Wild boar,Wild boar (Sus scrofa)
GSE62733,Homo sapiens,Homo sapiens,Human,Human (Homo sapiens)
GSE73377,Homo sapiens,Homo sapiens,Human,Human (Homo sapiens)
GSE73375,Homo sapiens,Homo sapiens,Human,Human (Homo sapiens)
GSE73374,Homo sapiens,Homo sapiens,Human,Human (Homo sapiens)
GSE57115,Mus musculus,Mus musculus,Mouse,Mouse (Mus musculus)
GSE68474,Homo sapiens,Homo sapiens,Human,Human (Homo sapiens)
GSE72342,Homo sapiens,Homo sapiens,Human,Human (Homo sapiens)
GSE63330,Macaca mulatta,Macaca mulatta,Rhesus macaque,Rhesus macaque (Macaca mulatta)
GSE63330,Homo sapiens,Homo sapiens,Human,Human (Homo sapiens)
GSE63330,Bos taurus,Bos taurus,Cow,Cow (Bos taurus)
GSE63330,Mus musculus,Mus musculus,Mouse,Mouse (Mus musculus)
GSE63330,taxid:9615,Canis lupus,Wolf,Wolf (Canis lupus)
GSE63330,taxid:9796,Equus caballus,Horse,Horse (Equus caballus)
GSE63330,taxid:13616,Monodelphis domestica,Gray Short-Tailed Opossum,Gray Short-Tailed Opossum (Monodelphis domestica)
GSE63330,taxid:27679,Saimiri boliviensis,Bolivian Squirrel Monkey,Bolivian Squirrel Monkey (Saimiri boliviensis)
GSE60438,Homo sapiens,Homo sapiens,Human,Human (Homo sapiens)
GSE61583,Mus musculus,Mus musculus,Mouse,Mouse (Mus musculus)
GSE70494,Homo sapiens,Homo sapiens,Human,Human (Homo sapiens)
GSE70493,Homo sapiens,Homo sapiens,Human,Human (Homo sapiens)
GSE70453,Homo sapiens,Homo sapiens,Human,Human (Homo sapiens)
GSE66962,Homo sapiens,Homo sapiens,Human,Human (Homo sapiens)
GSE70364,Homo sapiens,Homo sapiens,Human,Human (Homo sapiens)
GSE68272,Rattus norvegicus,Rattus norvegicus,Rat,Rat (Rattus norvegicus)
GSE70102,Homo sapiens,Homo sapiens,Human,Human (Homo sapiens)
GSE69941,Mus musculus,Mus musculus,Mouse,Mouse (Mus musculus)
GSE69452,Homo sapiens,Homo sapiens,Human,Human (Homo sapiens)
GSE59126,Homo sapiens,Homo sapiens,Human,Human (Homo sapiens)
GSE68763,taxid:164324,Spalax carmeli,Mt Carmel Blind Mole Rat,Mt Carmel Blind Mole Rat (Spalax carmeli)
GSE68763,taxid:1026970,Nannospalax galili,Upper Galilee Mountains Blind Mole Rat,Upper Galilee Mountains Blind Mole Rat (Nannospalax galili)
GSE60885,Homo sapiens,Homo sapiens,Human,Human (Homo sapiens)
GSE66210,Homo sapiens,Homo sapiens,Human,Human (Homo sapiens)
GSE65963,Mus musculus,Mus musculus,Mouse,Mouse (Mus musculus)
GSE65962,Mus musculus,Mus musculus,Mouse,Mouse (Mus musculus)
GSE65960,Mus musculus,Mus musculus,Mouse,Mouse (Mus musculus)
GSE61474,Homo sapiens,Homo sapiens,Human,Human (Homo sapiens)
GSE66622,Homo sapiens,Homo sapiens,Human,Human (Homo sapiens)
GSE60433,Homo sapiens,Homo sapiens,Human,Human (Homo sapiens)
GSE60432,Homo sapiens,Homo sapiens,Human,Human (Homo sapiens)
GSE60431,Homo sapiens,Homo sapiens,Human,Human (Homo sapiens)
GSE66325,Homo sapiens,Homo sapiens,Human,Human (Homo sapiens)
GSE63733,Homo sapiens,Homo sapiens,Human,Human (Homo sapiens)
GSE63968,Mus musculus,Mus musculus,Mouse,Mouse (Mus musculus)
GSE65835,Homo sapiens,Homo sapiens,Human,Human (Homo sapiens)
GSE63852,Mus musculus,Mus musculus,Mouse,Mouse (Mus musculus)
GSE59618,Sus scrofa,Sus scrofa,Wild boar,Wild boar (Sus scrofa)
GSE62150,Mus musculus,Mus musculus,Mouse,Mouse (Mus musculus)
GSE62149,Mus musculus,Mus musculus,Mouse,Mouse (Mus musculus)
GSE62138,Mus musculus,Mus musculus,Mouse,Mouse (Mus musculus)
GSE51336,Homo sapiens,Homo sapiens,Human,Human (Homo sapiens)
GSE51336,Mus musculus,Mus musculus,Mouse,Mouse (Mus musculus)
GSE49417,Homo sapiens,Homo sapiens,Human,Human (Homo sapiens)
GSE49417,Mus musculus,Mus musculus,Mouse,Mouse (Mus musculus)
GSE53291,Homo sapiens,Homo sapiens,Human,Human (Homo sapiens)
GSE62491,Oryctolagus cuniculus,Oryctolagus cuniculus,Rabbit,Rabbit (Oryctolagus cuniculus)
GSE50818,Mus musculus,Mus musculus,Mouse,Mouse (Mus musculus)
GSE56781,Homo sapiens,Homo sapiens,Human,Human (Homo sapiens)
GSE56524,Homo sapiens,Homo sapiens,Human,Human (Homo sapiens)
GSE60220,Mus musculus,Mus musculus,Mouse,Mouse (Mus musculus)
GSE51644,Mus musculus,Mus musculus,Mouse,Mouse (Mus musculus)
GSE59274,Homo sapiens,Homo sapiens,Human,Human (Homo sapiens)
GSE59107,Mus musculus,Mus musculus,Mouse,Mouse (Mus musculus)
GSE55440,Homo sapiens,Homo sapiens,Human,Human (Homo sapiens)
GSE55439,Homo sapiens,Homo sapiens,Human,Human (Homo sapiens)
GSE55438,Homo sapiens,Homo sapiens,Human,Human (Homo sapiens)
GSE44731,Homo sapiens,Homo sapiens,Human,Human (Homo sapiens)
GSE50585,Mus musculus,Mus musculus,Mouse,Mouse (Mus musculus)
GSE50561,Mus musculus,Mus musculus,Mouse,Mouse (Mus musculus)
GSE50543,Mus musculus,Mus musculus,Mouse,Mouse (Mus musculus)
GSE57767,Homo sapiens,Homo sapiens,Human,Human (Homo sapiens)
GSE57050,Homo sapiens,Homo sapiens,Human,Human (Homo sapiens)
GSE50206,Homo sapiens,Homo sapiens,Human,Human (Homo sapiens)
GSE50206,Mus musculus,Mus musculus,Mouse,Mouse (Mus musculus)
GSE56565,Homo sapiens,Homo sapiens,Human,Human (Homo sapiens)
GSE56564,Homo sapiens,Homo sapiens,Human,Human (Homo sapiens)
GSE56562,Homo sapiens,Homo sapiens,Human,Human (Homo sapiens)
GSE49111,Mus musculus,Mus musculus,Mouse,Mouse (Mus musculus)
GSE54399,Homo sapiens,Homo sapiens,Human,Human (Homo sapiens)
GSE42671,Mus musculus,Mus musculus,Mouse,Mouse (Mus musculus)
GSE50907,Mus musculus,Mus musculus,Mouse,Mouse (Mus musculus)
GSE52731,Homo sapiens,Homo sapiens,Human,Human (Homo sapiens)
GSE49177,Macaca mulatta,Macaca mulatta,Rhesus macaque,Rhesus macaque (Macaca mulatta)
GSE49177,Pan troglodytes,Pan troglodytes,Chimpanzee,Chimpanzee (Pan troglodytes)
GSE54664,Mus musculus,Mus musculus,Mouse,Mouse (Mus musculus)
GSE46940,Bos taurus,Bos taurus,Cow,Cow (Bos taurus)
GSE43520,Macaca mulatta,Macaca mulatta,Rhesus macaque,Rhesus macaque (Macaca mulatta)
GSE43520,Homo sapiens,Homo sapiens,Human,Human (Homo sapiens)
GSE43520,Mus musculus,Mus musculus,Mouse,Mouse (Mus musculus)
GSE43520,taxid:9593,Gorilla gorilla,Western Gorilla,Western Gorilla (Gorilla gorilla)
GSE43520,taxid:13616,Monodelphis domestica,Gray Short-Tailed Opossum,Gray Short-Tailed Opossum (Monodelphis domestica)
GSE38277,Mus musculus,Mus musculus,Mouse,Mouse (Mus musculus)
GSE49343,Homo sapiens,Homo sapiens,Human,Human (Homo sapiens)
GSE52578,Homo sapiens,Homo sapiens,Human,Human (Homo sapiens)
GSE52576,Homo sapiens,Homo sapiens,Human,Human (Homo sapiens)
GSE46698,Homo sapiens,Homo sapiens,Human,Human (Homo sapiens)
GSE40878,taxid:9557,Papio hamadryas,Hamadryas Baboon,Hamadryas Baboon (Papio hamadryas)
GSE51819,Mus musculus,Mus musculus,Mouse,Mouse (Mus musculus)
GSE49354,Homo sapiens,Homo sapiens,Human,Human (Homo sapiens)
GSE40955,Homo sapiens,Homo sapiens,Human,Human (Homo sapiens)
GSE41438,Mus musculus,Mus musculus,Mouse,Mouse (Mus musculus)
GSE47187,Homo sapiens,Homo sapiens,Human,Human (Homo sapiens)
GSE44368,Homo sapiens,Homo sapiens,Human,Human (Homo sapiens)
GSE51208,Oryctolagus cuniculus,Oryctolagus cuniculus,Rabbit,Rabbit (Oryctolagus cuniculus)
GSE50596,Rattus norvegicus,Rattus norvegicus,Rat,Rat (Rattus norvegicus)
GSE42836,Mus musculus,Mus musculus,Mouse,Mouse (Mus musculus)
GSE49924,Homo sapiens,Homo sapiens,Human,Human (Homo sapiens)
GSE49924,Mus musculus,Mus musculus,Mouse,Mouse (Mus musculus)
GSE49923,Mus musculus,Mus musculus,Mouse,Mouse (Mus musculus)
GSE49922,Homo sapiens,Homo sapiens,Human,Human (Homo sapiens)
GSE49895,Mus musculus,Mus musculus,Mouse,Mouse (Mus musculus)
GSE49847,Mus musculus,Mus musculus,Mouse,Mouse (Mus musculus)
GSE42144,Homo sapiens,Homo sapiens,Human,Human (Homo sapiens)
GSE42142,Homo sapiens,Homo sapiens,Human,Human (Homo sapiens)
GSE42074,Homo sapiens,Homo sapiens,Human,Human (Homo sapiens)
GSE45761,Sus scrofa,Sus scrofa,Wild boar,Wild boar (Sus scrofa)
GSE46858,taxid:9796,Equus caballus,Horse,Horse (Equus caballus)
GSE44669,Mus musculus,Mus musculus,Mouse,Mouse (Mus musculus)
GSE44668,Mus musculus,Mus musculus,Mouse,Mouse (Mus musculus)
GSE44712,Homo sapiens,Homo sapiens,Human,Human (Homo sapiens)
GSE44667,Homo sapiens,Homo sapiens,Human,Human (Homo sapiens)
GSE48095,Mus musculus,Mus musculus,Mouse,Mouse (Mus musculus)
GSE46859,taxid:9796,Equus caballus,Horse,Horse (Equus caballus)
GSE46573,Homo sapiens,Homo sapiens,Human,Human (Homo sapiens)
GSE42112,Homo sapiens,Homo sapiens,Human,Human (Homo sapiens)
GSE46463,Homo sapiens,Homo sapiens,Human,Human (Homo sapiens)
GSE46381,Mus musculus,Mus musculus,Mouse,Mouse (Mus musculus)
GSE46157,Homo sapiens,Homo sapiens,Human,Human (Homo sapiens)
GSE45529,Homo sapiens,Homo sapiens,Human,Human (Homo sapiens)
GSE39777,Homo sapiens,Homo sapiens,Human,Human (Homo sapiens)
GSE39776,Homo sapiens,Homo sapiens,Human,Human (Homo sapiens)
GSE39775,Homo sapiens,Homo sapiens,Human,Human (Homo sapiens)
GSE41823,Mus musculus,Mus musculus,Mouse,Mouse (Mus musculus)
GSE42409,Homo sapiens,Homo sapiens,Human,Human (Homo sapiens)
GSE40820,Homo sapiens,Homo sapiens,Human,Human (Homo sapiens)
GSE40819,Homo sapiens,Homo sapiens,Human,Human (Homo sapiens)
GSE40815,Homo sapiens,Homo sapiens,Human,Human (Homo sapiens)
GSE40772,Homo sapiens,Homo sapiens,Human,Human (Homo sapiens)
GSE24268,Homo sapiens,Homo sapiens,Human,Human (Homo sapiens)
GSE41946,Homo sapiens,Homo sapiens,Human,Human (Homo sapiens)
GSE43766,Homo sapiens,Homo sapiens,Human,Human (Homo sapiens)
GSE41341,Homo sapiens,Homo sapiens,Human,Human (Homo sapiens)
GSE41336,Homo sapiens,Homo sapiens,Human,Human (Homo sapiens)
GSE41331,Homo sapiens,Homo sapiens,Human,Human (Homo sapiens)
GSE37653,Homo sapiens,Homo sapiens,Human,Human (Homo sapiens)
GSE35327,Homo sapiens,Homo sapiens,Human,Human (Homo sapiens)
GSE38095,Mus musculus,Mus musculus,Mouse,Mouse (Mus musculus)
GSE29575,Homo sapiens,Homo sapiens,Human,Human (Homo sapiens)
GSE42207,Mus musculus,Mus musculus,Mouse,Mouse (Mus musculus)
GSE42207,Rattus norvegicus,Rattus norvegicus,Rat,Rat (Rattus norvegicus)
GSE39406,Mus musculus,Mus musculus,Mouse,Mouse (Mus musculus)
GSE37000,Mus musculus,Mus musculus,Mouse,Mouse (Mus musculus)
GSE34200,Homo sapiens,Homo sapiens,Human,Human (Homo sapiens)
GSE32923,Homo sapiens,Homo sapiens,Human,Human (Homo sapiens)
GSE30125,Homo sapiens,Homo sapiens,Human,Human (Homo sapiens)
GSE41441,Homo sapiens,Homo sapiens,Human,Human (Homo sapiens)
GSE30582,Mus musculus,Mus musculus,Mouse,Mouse (Mus musculus)
GSE30582,Rattus norvegicus,Rattus norvegicus,Rat,Rat (Rattus norvegicus)
GSE40667,Mus musculus,Mus musculus,Mouse,Mouse (Mus musculus)
GSE40700,Homo sapiens,Homo sapiens,Human,Human (Homo sapiens)
GSE40626,Homo sapiens,Homo sapiens,Human,Human (Homo sapiens)
GSE32355,Mus musculus,Mus musculus,Mouse,Mouse (Mus musculus)
GSE32353,Mus musculus,Mus musculus,Mouse,Mouse (Mus musculus)
GSE30488,Mus musculus,Mus musculus,Mouse,Mouse (Mus musculus)
GSE27445,Mus musculus,Mus musculus,Mouse,Mouse (Mus musculus)
GSE39584,Mus musculus,Mus musculus,Mouse,Mouse (Mus musculus)
GSE36642,Homo sapiens,Homo sapiens,Human,Human (Homo sapiens)
GSE39290,Homo sapiens,Homo sapiens,Human,Human (Homo sapiens)
GSE29278,Mus musculus,Mus musculus,Mouse,Mouse (Mus musculus)
GSE29218,Mus musculus,Mus musculus,Mouse,Mouse (Mus musculus)
GSE29184,Mus musculus,Mus musculus,Mouse,Mouse (Mus musculus)
GSE38512,Bos taurus,Bos taurus,Cow,Cow (Bos taurus)
GSE34799,Mus musculus,Mus musculus,Mouse,Mouse (Mus musculus)
GSE37901,Homo sapiens,Homo sapiens,Human,Human (Homo sapiens)
GSE36026,Mus musculus,Mus musculus,Mouse,Mouse (Mus musculus)
GSE37639,Homo sapiens,Homo sapiens,Human,Human (Homo sapiens)
GSE36027,Mus musculus,Mus musculus,Mouse,Mouse (Mus musculus)
GSE37350,Mus musculus,Mus musculus,Mouse,Mouse (Mus musculus)
GSE36025,Mus musculus,Mus musculus,Mouse,Mouse (Mus musculus)
GSE36852,Homo sapiens,Homo sapiens,Human,Human (Homo sapiens)
GSE36831,Homo sapiens,Homo sapiens,Human,Human (Homo sapiens)
GSE36829,Homo sapiens,Homo sapiens,Human,Human (Homo sapiens)
GSE36828,Homo sapiens,Homo sapiens,Human,Human (Homo sapiens)
GSE36083,Homo sapiens,Homo sapiens,Human,Human (Homo sapiens)
GSE35997,Homo sapiens,Homo sapiens,Human,Human (Homo sapiens)
GSE35574,Homo sapiens,Homo sapiens,Human,Human (Homo sapiens)
GSE34894,Homo sapiens,Homo sapiens,Human,Human (Homo sapiens)
GSE32640,Mus musculus,Mus musculus,Mouse,Mouse (Mus musculus)
GSE25764,Rattus norvegicus,Rattus norvegicus,Rat,Rat (Rattus norvegicus)
GSE29101,Homo sapiens,Homo sapiens,Human,Human (Homo sapiens)
GSE29100,Homo sapiens,Homo sapiens,Human,Human (Homo sapiens)
GSE33219,Homo sapiens,Homo sapiens,Human,Human (Homo sapiens)
GSE31680,Homo sapiens,Homo sapiens,Human,Human (Homo sapiens)
GSE32660,Mus musculus,Mus musculus,Mouse,Mouse (Mus musculus)
GSE32527,Homo sapiens,Homo sapiens,Human,Human (Homo sapiens)
GSE32346,Homo sapiens,Homo sapiens,Human,Human (Homo sapiens)
GSE31904,Homo sapiens,Homo sapiens,Human,Human (Homo sapiens)
GSE32028,Mus musculus,Mus musculus,Mouse,Mouse (Mus musculus)
GSE31781,Homo sapiens,Homo sapiens,Human,Human (Homo sapiens)
GSE30554,Homo sapiens,Homo sapiens,Human,Human (Homo sapiens)
GSE31039,Mus musculus,Mus musculus,Mouse,Mouse (Mus musculus)
GSE29987,Bos taurus,Bos taurus,Cow,Cow (Bos taurus)
GSE30032,Homo sapiens,Homo sapiens,Human,Human (Homo sapiens)
GSE25966,Homo sapiens,Homo sapiens,Human,Human (Homo sapiens)
GSE30127,Homo sapiens,Homo sapiens,Human,Human (Homo sapiens)
GSE29690,Mus musculus,Mus musculus,Mouse,Mouse (Mus musculus)
GSE28277,Mus musculus,Mus musculus,Mouse,Mouse (Mus musculus)
GSE28525,Homo sapiens,Homo sapiens,Human,Human (Homo sapiens)
GSE29247,Rattus norvegicus,Rattus norvegicus,Rat,Rat (Rattus norvegicus)
GSE24272,Mus musculus,Mus musculus,Mouse,Mouse (Mus musculus)
GSE28917,Mus musculus,Mus musculus,Mouse,Mouse (Mus musculus)
GSE28551,Homo sapiens,Homo sapiens,Human,Human (Homo sapiens)
GSE22326,Homo sapiens,Homo sapiens,Human,Human (Homo sapiens)
GSE27272,Homo sapiens,Homo sapiens,Human,Human (Homo sapiens)
GSE27373,Mus musculus,Mus musculus,Mouse,Mouse (Mus musculus)
GSE28123,Homo sapiens,Homo sapiens,Human,Human (Homo sapiens)
GSE27909,Homo sapiens,Homo sapiens,Human,Human (Homo sapiens)
GSE20750,Homo sapiens,Homo sapiens,Human,Human (Homo sapiens)
GSE27646,Homo sapiens,Homo sapiens,Human,Human (Homo sapiens)
GSE27584,Homo sapiens,Homo sapiens,Human,Human (Homo sapiens)
GSE14938,Homo sapiens,Homo sapiens,Human,Human (Homo sapiens)
GSE22526,Homo sapiens,Homo sapiens,Human,Human (Homo sapiens)
GSE25925,Homo sapiens,Homo sapiens,Human,Human (Homo sapiens)
GSE25872,Mus musculus,Mus musculus,Mouse,Mouse (Mus musculus)
GSE23862,taxid:9796,Equus caballus,Horse,Horse (Equus caballus)
GSE22091,Homo sapiens,Homo sapiens,Human,Human (Homo sapiens)
GSE26683,Homo sapiens,Homo sapiens,Human,Human (Homo sapiens)
GSE19649,Homo sapiens,Homo sapiens,Human,Human (Homo sapiens)
GSE22837,Homo sapiens,Homo sapiens,Human,Human (Homo sapiens)
GSE25906,Homo sapiens,Homo sapiens,Human,Human (Homo sapiens)
GSE24947,Homo sapiens,Homo sapiens,Human,Human (Homo sapiens)
GSE24207,Mus musculus,Mus musculus,Mouse,Mouse (Mus musculus)
GSE24940,Mus musculus,Mus musculus,Mouse,Mouse (Mus musculus)
GSE25255,Mus musculus,Mus musculus,Mouse,Mouse (Mus musculus)
GSE21925,taxid:9796,Equus caballus,Horse,Horse (Equus caballus)
GSE21544,Bos taurus,Bos taurus,Cow,Cow (Bos taurus)
GSE24129,Homo sapiens,Homo sapiens,Human,Human (Homo sapiens)
GSE21938,Rattus norvegicus,Rattus norvegicus,Rat,Rat (Rattus norvegicus)
GSE23835,Homo sapiens,Homo sapiens,Human,Human (Homo sapiens)
GSE14392,Mus musculus,Mus musculus,Mouse,Mouse (Mus musculus)
GSE23737,Mus musculus,Mus musculus,Mouse,Mouse (Mus musculus)
GSE23311,Homo sapiens,Homo sapiens,Human,Human (Homo sapiens)
GSE21971,Mus musculus,Mus musculus,Mouse,Mouse (Mus musculus)
GSE15519,Mus musculus,Mus musculus,Mouse,Mouse (Mus musculus)
GSE21803,Homo sapiens,Homo sapiens,Human,Human (Homo sapiens)
GSE21332,Homo sapiens,Homo sapiens,Human,Human (Homo sapiens)
GSE19248,Homo sapiens,Homo sapiens,Human,Human (Homo sapiens)
GSE16983,Mus musculus,Mus musculus,Mouse,Mouse (Mus musculus)
GSE12239,Homo sapiens,Homo sapiens,Human,Human (Homo sapiens)
GSE20499,Homo sapiens,Homo sapiens,Human,Human (Homo sapiens)
GSE18162,Rattus norvegicus,Rattus norvegicus,Rat,Rat (Rattus norvegicus)
GSE19960,Mus musculus,Mus musculus,Mouse,Mouse (Mus musculus)
GSE18927,Homo sapiens,Homo sapiens,Human,Human (Homo sapiens)
GSE19434,Homo sapiens,Homo sapiens,Human,Human (Homo sapiens)
GSE18044,Homo sapiens,Homo sapiens,Human,Human (Homo sapiens)
GSE14473,Homo sapiens,Homo sapiens,Human,Human (Homo sapiens)
GSE14568,Mus musculus,Mus musculus,Mouse,Mouse (Mus musculus)
GSE14372,Mus musculus,Mus musculus,Mouse,Mouse (Mus musculus)
GSE17600,Homo sapiens,Homo sapiens,Human,Human (Homo sapiens)
GSE17312,Homo sapiens,Homo sapiens,Human,Human (Homo sapiens)
GSE16256,Homo sapiens,Homo sapiens,Human,Human (Homo sapiens)
GSE17358,Homo sapiens,Homo sapiens,Human,Human (Homo sapiens)
GSE17158,Mus musculus,Mus musculus,Mouse,Mouse (Mus musculus)
GSE17102,Mus musculus,Mus musculus,Mouse,Mouse (Mus musculus)
GSE13299,Homo sapiens,Homo sapiens,Human,Human (Homo sapiens)
GSE13299,Mus musculus,Mus musculus,Mouse,Mouse (Mus musculus)
GSE11853,Sus scrofa,Sus scrofa,Wild boar,Wild boar (Sus scrofa)
GSE13155,Homo sapiens,Homo sapiens,Human,Human (Homo sapiens)
GSE13155,Mus musculus,Mus musculus,Mouse,Mouse (Mus musculus)
GSE16546,Homo sapiens,Homo sapiens,Human,Human (Homo sapiens)
GSE13753,Mus musculus,Mus musculus,Mouse,Mouse (Mus musculus)
GSE16154,Bos taurus,Bos taurus,Cow,Cow (Bos taurus)
GSE15998,Mus musculus,Mus musculus,Mouse,Mouse (Mus musculus)
GSE15805,Homo sapiens,Homo sapiens,Human,Human (Homo sapiens)
GSE12737,Homo sapiens,Homo sapiens,Human,Human (Homo sapiens)
GSE8893,Homo sapiens,Homo sapiens,Human,Human (Homo sapiens)
GSE15311,Mus musculus,Mus musculus,Mouse,Mouse (Mus musculus)
GSE15309,Homo sapiens,Homo sapiens,Human,Human (Homo sapiens)
GSE13175,Homo sapiens,Homo sapiens,Human,Human (Homo sapiens)
GSE13172,Homo sapiens,Homo sapiens,Human,Human (Homo sapiens)
GSE14811,Homo sapiens,Homo sapiens,Human,Human (Homo sapiens)
GSE14722,Homo sapiens,Homo sapiens,Human,Human (Homo sapiens)
GSE10443,Sus scrofa,Sus scrofa,Wild boar,Wild boar (Sus scrofa)
GSE10441,Sus scrofa,Sus scrofa,Wild boar,Wild boar (Sus scrofa)
GSE9773,Homo sapiens,Homo sapiens,Human,Human (Homo sapiens)
GSE13445,Homo sapiens,Homo sapiens,Human,Human (Homo sapiens)
GSE13445,Mus musculus,Mus musculus,Mouse,Mouse (Mus musculus)
GSE11523,Mus musculus,Mus musculus,Mouse,Mouse (Mus musculus)
GSE10297,Mus musculus,Mus musculus,Mouse,Mouse (Mus musculus)
GSE12767,Homo sapiens,Homo sapiens,Human,Human (Homo sapiens)
GSE11879,Homo sapiens,Homo sapiens,Human,Human (Homo sapiens)
GSE11806,Homo sapiens,Homo sapiens,Human,Human (Homo sapiens)
GSE11863,Homo sapiens,Homo sapiens,Human,Human (Homo sapiens)
GSE12216,Homo sapiens,Homo sapiens,Human,Human (Homo sapiens)
GSE7676,Mus musculus,Mus musculus,Mouse,Mouse (Mus musculus)
GSE10588,Homo sapiens,Homo sapiens,Human,Human (Homo sapiens)
GSE11433,Homo sapiens,Homo sapiens,Human,Human (Homo sapiens)
GSE10612,Homo sapiens,Homo sapiens,Human,Human (Homo sapiens)
GSE11409,Homo sapiens,Homo sapiens,Human,Human (Homo sapiens)
GSE10246,Mus musculus,Mus musculus,Mouse,Mouse (Mus musculus)
GSE9984,Homo sapiens,Homo sapiens,Human,Human (Homo sapiens)
GSE11224,Mus musculus,Mus musculus,Mouse,Mouse (Mus musculus)
GSE11222,Mus musculus,Mus musculus,Mouse,Mouse (Mus musculus)
GSE11220,Mus musculus,Mus musculus,Mouse,Mouse (Mus musculus)
GSE10118,Mus musculus,Mus musculus,Mouse,Mouse (Mus musculus)
GSE10081,Mus musculus,Mus musculus,Mouse,Mouse (Mus musculus)
GSE10342,Bos taurus,Bos taurus,Cow,Cow (Bos taurus)
GSE8224,Mus musculus,Mus musculus,Mouse,Mouse (Mus musculus)
GSE10456,Homo sapiens,Homo sapiens,Human,Human (Homo sapiens)
GSE10447,Sus scrofa,Sus scrofa,Wild boar,Wild boar (Sus scrofa)
GSE10446,Sus scrofa,Sus scrofa,Wild boar,Wild boar (Sus scrofa)
GSE9954,Mus musculus,Mus musculus,Mouse,Mouse (Mus musculus)
GSE8614,Homo sapiens,Homo sapiens,Human,Human (Homo sapiens)
GSE8124,Homo sapiens,Homo sapiens,Human,Human (Homo sapiens)
GSE7434,Homo sapiens,Homo sapiens,Human,Human (Homo sapiens)
GSE4822,Mus musculus,Mus musculus,Mouse,Mouse (Mus musculus)
GSE6909,Mus musculus,Mus musculus,Mouse,Mouse (Mus musculus)
GSE8249,Mus musculus,Mus musculus,Mouse,Mouse (Mus musculus)
GSE8375,Homo sapiens,Homo sapiens,Human,Human (Homo sapiens)
GSE7586,Homo sapiens,Homo sapiens,Human,Human (Homo sapiens)
GSE7905,Homo sapiens,Homo sapiens,Human,Human (Homo sapiens)
GSE1986,Mus musculus,Mus musculus,Mouse,Mouse (Mus musculus)
GSE7021,Homo sapiens,Homo sapiens,Human,Human (Homo sapiens)
GSE5999,Homo sapiens,Homo sapiens,Human,Human (Homo sapiens)
GSE6573,Homo sapiens,Homo sapiens,Human,Human (Homo sapiens)
GSE5983,Homo sapiens,Homo sapiens,Human,Human (Homo sapiens)
GSE4165,Mus musculus,Mus musculus,Mouse,Mouse (Mus musculus)
GSE4870,Mus musculus,Mus musculus,Mouse,Mouse (Mus musculus)
GSE5172,Homo sapiens,Homo sapiens,Human,Human (Homo sapiens)
GSE4100,Homo sapiens,Homo sapiens,Human,Human (Homo sapiens)
GSE4726,Mus musculus,Mus musculus,Mouse,Mouse (Mus musculus)
GSE4707,Homo sapiens,Homo sapiens,Human,Human (Homo sapiens)
GSE4421,Homo sapiens,Homo sapiens,Human,Human (Homo sapiens)
GSE2673,Mus musculus,Mus musculus,Mouse,Mouse (Mus musculus)
GSE3098,Mus musculus,Mus musculus,Mouse,Mouse (Mus musculus)
GSE1747,Homo sapiens,Homo sapiens,Human,Human (Homo sapiens)
GSE3077,Homo sapiens,Homo sapiens,Human,Human (Homo sapiens)
GSE3516,Mus musculus,Mus musculus,Mouse,Mouse (Mus musculus)
GSE3513,Mus musculus,Mus musculus,Mouse,Mouse (Mus musculus)
GSE3509,Mus musculus,Mus musculus,Mouse,Mouse (Mus musculus)
GSE3507,Mus musculus,Mus musculus,Mouse,Mouse (Mus musculus)
GSE3047,Mus musculus,Mus musculus,Mouse,Mouse (Mus musculus)
GSE2956,Homo sapiens,Homo sapiens,Human,Human (Homo sapiens)
GSE2708,Homo sapiens,Homo sapiens,Human,Human (Homo sapiens)
GSE2720,Homo sapiens,Homo sapiens,Human,Human (Homo sapiens)
GSE2671,Homo sapiens,Homo sapiens,Human,Human (Homo sapiens)
GSE1715,Homo sapiens,Homo sapiens,Human,Human (Homo sapiens)
GSE2361,Homo sapiens,Homo sapiens,Human,Human (Homo sapiens)
GSE2366,Mus musculus,Mus musculus,Mouse,Mouse (Mus musculus)
GSE2193,Homo sapiens,Homo sapiens,Human,Human (Homo sapiens)
GSE1903,Mus musculus,Mus musculus,Mouse,Mouse (Mus musculus)
GSE1581,Mus musculus,Mus musculus,Mouse,Mouse (Mus musculus)
GSE1738,Mus musculus,Mus musculus,Mouse,Mouse (Mus musculus)
GSE1302,Homo sapiens,Homo sapiens,Human,Human (Homo sapiens)
GSE1133,Homo sapiens,Homo sapiens,Human,Human (Homo sapiens)
GSE1133,Mus musculus,Mus musculus,Mouse,Mouse (Mus musculus)
GSE740,Homo sapiens,Homo sapiens,Human,Human (Homo sapiens)
GSE918,Homo sapiens,Homo sapiens,Human,Human (Homo sapiens)
GSE97,Mus musculus,Mus musculus,Mouse,Mouse (Mus musculus)
GSE96,Homo sapiens,Homo sapiens,Human,Human (Homo sapiens)
GSE14,Homo sapiens,Homo sapiens,Human,Human (Homo sapiens)
GSE14,Mus musculus,Mus musculus,Mouse,Mouse (Mus musculus)
